eval_seed,file_name,method,training_seed_replicates,makespan,stability_cost,budget_met_rate
20260825,10j_5m_021.fjs,Main_Best_of_20,3,115.3165995279948,1.4492789109547932,1.0
20260825,10j_5m_022.fjs,Main_Best_of_20,3,125.16199747721355,1.6434949239095051,1.0
20260825,10j_5m_023.fjs,Main_Best_of_20,3,123.33333333333333,1.3338415622711182,1.0
20260825,10j_5m_024.fjs,Main_Best_of_20,3,93.85669453938802,1.3267412185668945,1.0
20260825,10j_5m_025.fjs,Main_Best_of_20,3,94.9424336751302,1.3974624872207642,1.0
20260825,10j_5m_026.fjs,Main_Best_of_20,3,101.44000498453777,1.4930145740509033,1.0
20260825,10j_5m_027.fjs,Main_Best_of_20,3,104.15758768717448,1.821815053621928,0.0
20260825,10j_5m_028.fjs,Main_Best_of_20,3,98.11225128173828,1.6215375264485676,1.0
20260825,10j_5m_029.fjs,Main_Best_of_20,3,104.66977437337239,1.2717012961705525,1.0
20260825,10j_5m_030.fjs,Main_Best_of_20,3,116.91388448079427,1.5218875408172607,1.0
20260825,10j_5m_031.fjs,Main_Best_of_20,3,123.7502950032552,1.3817238807678223,1.0
20260825,10j_5m_032.fjs,Main_Best_of_20,3,126.6313985188802,1.380668540795644,1.0
20260825,10j_5m_033.fjs,Main_Best_of_20,3,112.13094075520833,1.5107819239298503,0.6666666666666666
20260825,10j_5m_034.fjs,Main_Best_of_20,3,112.6194076538086,1.569498856862386,1.0
20260825,10j_5m_035.fjs,Main_Best_of_20,3,124.8267822265625,1.5329666535059612,1.0
20260825,10j_5m_036.fjs,Main_Best_of_20,3,91.4051005045573,1.1539459625879924,1.0
20260825,10j_5m_037.fjs,Main_Best_of_20,3,102.30343627929688,1.3943939606348674,1.0
20260825,10j_5m_038.fjs,Main_Best_of_20,3,119.16666666666667,1.6703297297159831,0.6666666666666666
20260825,10j_5m_039.fjs,Main_Best_of_20,3,122.9339599609375,1.5417786836624146,1.0
20260825,10j_5m_040.fjs,Main_Best_of_20,3,113.1582743326823,1.5583018859227498,0.6666666666666666
20260825,10j_5m_041.fjs,Main_Best_of_20,3,133.64718627929688,1.4922970533370972,1.0
20260825,10j_5m_042.fjs,Main_Best_of_20,3,107.46534983317058,1.4939157565434773,1.0
20260825,10j_5m_043.fjs,Main_Best_of_20,3,155.6920369466146,1.368366797765096,1.0
20260825,10j_5m_044.fjs,Main_Best_of_20,3,116.34401448567708,1.6141419808069866,0.6666666666666666
20260825,10j_5m_045.fjs,Main_Best_of_20,3,116.90370686848958,1.355107029279073,1.0
20260825,10j_5m_046.fjs,Main_Best_of_20,3,126.75907643636067,1.533589522043864,1.0
20260825,10j_5m_047.fjs,Main_Best_of_20,3,114.75205993652344,1.523991584777832,1.0
20260825,10j_5m_048.fjs,Main_Best_of_20,3,94.46890004475911,1.5361535946528118,1.0
20260825,10j_5m_049.fjs,Main_Best_of_20,3,99.9580586751302,1.4780503114064534,1.0
20260825,10j_5m_050.fjs,Main_Best_of_20,3,114.16419982910156,1.2969036897023518,1.0
20260825,10j_5m_051.fjs,Main_Best_of_20,3,107.32272847493489,1.3967929283777873,1.0
20260825,10j_5m_052.fjs,Main_Best_of_20,3,113.7923075358073,1.533115307490031,1.0
20260825,10j_5m_053.fjs,Main_Best_of_20,3,124.37135823567708,1.1925448576609294,1.0
20260825,10j_5m_054.fjs,Main_Best_of_20,3,112.78418731689453,1.438692569732666,1.0
20260825,10j_5m_055.fjs,Main_Best_of_20,3,111.55476379394531,1.262991468111674,1.0
20260825,10j_5m_056.fjs,Main_Best_of_20,3,117.40318044026692,1.790617863337199,0.3333333333333333
20260825,10j_5m_057.fjs,Main_Best_of_20,3,110.28623453776042,1.628077228864034,1.0
20260825,10j_5m_058.fjs,Main_Best_of_20,3,102.2791748046875,1.8825011650721233,0.0
20260825,10j_5m_059.fjs,Main_Best_of_20,3,114.81863911946614,1.647405465443929,1.0
20260825,10j_5m_060.fjs,Main_Best_of_20,3,105.31484731038411,1.6420319477717082,0.6666666666666666
20260825,10j_5m_061.fjs,Main_Best_of_20,3,126.83333333333333,1.3316827217737834,1.0
20260825,10j_5m_062.fjs,Main_Best_of_20,3,116.26128387451172,1.5747953255971272,1.0
20260825,10j_5m_063.fjs,Main_Best_of_20,3,99.36210632324219,1.3487472931543987,1.0
20260825,10j_5m_064.fjs,Main_Best_of_20,3,104.40549977620442,1.5358773867289226,1.0
20260825,10j_5m_065.fjs,Main_Best_of_20,3,129.1412785847982,1.8566387097040813,0.0
20260825,10j_5m_066.fjs,Main_Best_of_20,3,106.69770812988281,1.525569001833598,1.0
20260825,10j_5m_067.fjs,Main_Best_of_20,3,113.38748931884766,1.6274364789326985,1.0
20260825,10j_5m_068.fjs,Main_Best_of_20,3,96.24887084960938,1.6301687955856323,0.6666666666666666
20260825,10j_5m_069.fjs,Main_Best_of_20,3,118.00539143880208,1.6583722829818726,0.6666666666666666
20260825,10j_5m_070.fjs,Main_Best_of_20,3,122.36399586995442,1.7512050072352092,0.3333333333333333
20260825,10j_5m_071.fjs,Main_Best_of_20,3,123.94130452473958,1.4899904330571492,1.0
20260825,10j_5m_072.fjs,Main_Best_of_20,3,126.65655517578125,1.561008056004842,1.0
20260825,10j_5m_073.fjs,Main_Best_of_20,3,110.57041931152344,1.5228665669759114,1.0
20260825,10j_5m_074.fjs,Main_Best_of_20,3,112.38109334309895,2.0673522551854453,0.0
20260825,10j_5m_075.fjs,Main_Best_of_20,3,108.33292897542317,1.7103062868118286,0.6666666666666666
20260825,10j_5m_076.fjs,Main_Best_of_20,3,120.16666666666667,1.2938025792439778,1.0
20260825,10j_5m_077.fjs,Main_Best_of_20,3,108.4978256225586,1.462250550587972,1.0
20260825,10j_5m_078.fjs,Main_Best_of_20,3,120.94520060221355,1.4067082007726033,1.0
20260825,10j_5m_079.fjs,Main_Best_of_20,3,118.48832448323567,1.4238367875417073,1.0
20260825,10j_5m_080.fjs,Main_Best_of_20,3,125.71929677327473,1.549648642539978,1.0
20260825,10j_5m_081.fjs,Main_Best_of_20,3,114.86986033121745,1.4679306745529175,1.0
20260825,10j_5m_082.fjs,Main_Best_of_20,3,112.83784993489583,1.065680702527364,1.0
20260825,10j_5m_083.fjs,Main_Best_of_20,3,122.72570292154948,1.5216812292734783,1.0
20260825,10j_5m_084.fjs,Main_Best_of_20,3,122.61566162109375,1.5536308685938518,1.0
20260825,10j_5m_085.fjs,Main_Best_of_20,3,103.10526275634766,1.3660098314285278,1.0
20260825,10j_5m_086.fjs,Main_Best_of_20,3,111.00947825113933,1.8414458433787029,0.0
20260825,10j_5m_087.fjs,Main_Best_of_20,3,114.72147878011067,1.6315502723058064,1.0
20260825,10j_5m_088.fjs,Main_Best_of_20,3,114.93456776936848,1.536750316619873,1.0
20260825,10j_5m_089.fjs,Main_Best_of_20,3,137.30037943522134,1.4671324094136555,1.0
20260825,10j_5m_090.fjs,Main_Best_of_20,3,100.21792093912761,1.4301328659057617,1.0
20260825,10j_5m_091.fjs,Main_Best_of_20,3,124.6239522298177,1.6964375178019206,0.6666666666666666
20260825,10j_5m_092.fjs,Main_Best_of_20,3,98.37684885660808,1.5861473083496094,1.0
20260825,10j_5m_093.fjs,Main_Best_of_20,3,130.91524251302084,1.4557735522588093,1.0
20260825,10j_5m_094.fjs,Main_Best_of_20,3,104.02105204264323,1.3534578482309978,1.0
20260825,10j_5m_095.fjs,Main_Best_of_20,3,119.49749755859375,1.6636199951171875,0.6666666666666666
20260825,10j_5m_096.fjs,Main_Best_of_20,3,113.16280619303386,1.3293453852335613,1.0
20260825,10j_5m_097.fjs,Main_Best_of_20,3,108.39886983235677,1.2741355101267497,1.0
20260825,10j_5m_098.fjs,Main_Best_of_20,3,113.54765319824219,1.663457989692688,1.0
20260825,10j_5m_099.fjs,Main_Best_of_20,3,119.91286214192708,1.4706109762191772,1.0
20260825,10j_5m_100.fjs,Main_Best_of_20,3,102.1909408569336,1.5266658862431843,0.6666666666666666
20260826,10j_5m_021.fjs,Main_Best_of_20,3,113.89930470784505,1.5156737168629963,1.0
20260826,10j_5m_022.fjs,Main_Best_of_20,3,120.36474609375,1.641482909520467,1.0
20260826,10j_5m_023.fjs,Main_Best_of_20,3,138.5,1.5962570508321126,0.6666666666666666
20260826,10j_5m_024.fjs,Main_Best_of_20,3,94.4513651529948,1.5545971790949504,1.0
20260826,10j_5m_025.fjs,Main_Best_of_20,3,95.20425923665364,1.4769621292750041,1.0
20260826,10j_5m_026.fjs,Main_Best_of_20,3,100.43294779459636,1.2476930419603984,1.0
20260826,10j_5m_027.fjs,Main_Best_of_20,3,98.04299926757812,1.5373438994089763,1.0
20260826,10j_5m_028.fjs,Main_Best_of_20,3,95.43111419677734,1.344618519147237,1.0
20260826,10j_5m_029.fjs,Main_Best_of_20,3,107.39054870605469,1.7396212816238403,0.3333333333333333
20260826,10j_5m_030.fjs,Main_Best_of_20,3,117.54346974690755,1.4805100758870442,1.0
20260826,10j_5m_031.fjs,Main_Best_of_20,3,121.66281127929688,1.407892147699992,1.0
20260826,10j_5m_032.fjs,Main_Best_of_20,3,113.6854731241862,1.6240808566411336,0.6666666666666666
20260826,10j_5m_033.fjs,Main_Best_of_20,3,117.86276245117188,1.5967072645823162,1.0
20260826,10j_5m_034.fjs,Main_Best_of_20,3,123.46671040852864,1.5542749166488647,1.0
20260826,10j_5m_035.fjs,Main_Best_of_20,3,120.2322260538737,1.5692669947942097,1.0
20260826,10j_5m_036.fjs,Main_Best_of_20,3,93.53689829508464,1.7688289483388264,0.6666666666666666
20260826,10j_5m_037.fjs,Main_Best_of_20,3,102.08030700683594,1.5537807146708171,1.0
20260826,10j_5m_038.fjs,Main_Best_of_20,3,122.0318374633789,1.3397668202718098,1.0
20260826,10j_5m_039.fjs,Main_Best_of_20,3,123.1179911295573,1.3375061353047688,1.0
20260826,10j_5m_040.fjs,Main_Best_of_20,3,130.03641764322916,1.539800763130188,1.0
20260826,10j_5m_041.fjs,Main_Best_of_20,3,133.98078409830728,1.6197267770767212,1.0
20260826,10j_5m_042.fjs,Main_Best_of_20,3,110.16119639078777,1.6813486019770305,0.3333333333333333
20260826,10j_5m_043.fjs,Main_Best_of_20,3,124.18722534179688,1.6027604738871257,1.0
20260826,10j_5m_044.fjs,Main_Best_of_20,3,115.04724629720052,1.4659030834833782,1.0
20260826,10j_5m_045.fjs,Main_Best_of_20,3,116.30860900878906,1.330150047938029,1.0
20260826,10j_5m_046.fjs,Main_Best_of_20,3,128.81670888264975,1.738952914873759,0.6666666666666666
20260826,10j_5m_047.fjs,Main_Best_of_20,3,112.8766581217448,1.605723222096761,1.0
20260826,10j_5m_048.fjs,Main_Best_of_20,3,102.14754740397136,1.3352549870808919,1.0
20260826,10j_5m_049.fjs,Main_Best_of_20,3,105.21805572509766,1.498986045519511,1.0
20260826,10j_5m_050.fjs,Main_Best_of_20,3,114.8475824991862,1.4205954869588215,1.0
20260826,10j_5m_051.fjs,Main_Best_of_20,3,108.80955251057942,1.5150309801101685,1.0
20260826,10j_5m_052.fjs,Main_Best_of_20,3,116.90411885579427,1.5664913654327393,1.0
20260826,10j_5m_053.fjs,Main_Best_of_20,3,122.1409683227539,1.2867954969406128,1.0
20260826,10j_5m_054.fjs,Main_Best_of_20,3,113.40987396240234,1.3849366108576457,1.0
20260826,10j_5m_055.fjs,Main_Best_of_20,3,113.32822163899739,1.1964365243911743,1.0
20260826,10j_5m_056.fjs,Main_Best_of_20,3,118.4592056274414,1.4570223887761433,1.0
20260826,10j_5m_057.fjs,Main_Best_of_20,3,108.30511474609375,1.5260190566380818,0.6666666666666666
20260826,10j_5m_058.fjs,Main_Best_of_20,3,106.35033416748047,1.909262776374817,0.0
20260826,10j_5m_059.fjs,Main_Best_of_20,3,116.55862935384114,1.5123495658238728,1.0
20260826,10j_5m_060.fjs,Main_Best_of_20,3,103.41982014973958,1.4438605705897014,1.0
20260826,10j_5m_061.fjs,Main_Best_of_20,3,134.87300618489584,2.108477155367533,0.0
20260826,10j_5m_062.fjs,Main_Best_of_20,3,112.31649271647136,1.4230549732844036,1.0
20260826,10j_5m_063.fjs,Main_Best_of_20,3,98.51266988118489,1.5197724898656209,1.0
20260826,10j_5m_064.fjs,Main_Best_of_20,3,101.9013671875,1.5681648254394531,1.0
20260826,10j_5m_065.fjs,Main_Best_of_20,3,131.84862263997397,1.7279045979181926,0.3333333333333333
20260826,10j_5m_066.fjs,Main_Best_of_20,3,111.36133321126302,1.5881386597951253,1.0
20260826,10j_5m_067.fjs,Main_Best_of_20,3,155.3736572265625,1.0489195783933003,1.0
20260826,10j_5m_068.fjs,Main_Best_of_20,3,91.80941009521484,1.3603228330612183,1.0
20260826,10j_5m_069.fjs,Main_Best_of_20,3,118.91577911376953,1.5541441043217976,1.0
20260826,10j_5m_070.fjs,Main_Best_of_20,3,119.47743733723958,1.4301363627115886,1.0
20260826,10j_5m_071.fjs,Main_Best_of_20,3,122.12176767985027,1.5428595542907715,1.0
20260826,10j_5m_072.fjs,Main_Best_of_20,3,107.09861755371094,1.450930118560791,1.0
20260826,10j_5m_073.fjs,Main_Best_of_20,3,120.12768809000652,1.5929622252782185,1.0
20260826,10j_5m_074.fjs,Main_Best_of_20,3,112.55663553873698,1.579724868138631,1.0
20260826,10j_5m_075.fjs,Main_Best_of_20,3,108.30516560872395,1.5178277691205342,0.6666666666666666
20260826,10j_5m_076.fjs,Main_Best_of_20,3,118.27088928222656,1.3587544759114583,1.0
20260826,10j_5m_077.fjs,Main_Best_of_20,3,116.59540303548177,1.5550810893376668,1.0
20260826,10j_5m_078.fjs,Main_Best_of_20,3,120.35604349772136,1.617380936940511,1.0
20260826,10j_5m_079.fjs,Main_Best_of_20,3,127.89461263020833,1.4677966435750325,1.0
20260826,10j_5m_080.fjs,Main_Best_of_20,3,130.665283203125,1.4122401873270671,1.0
20260826,10j_5m_081.fjs,Main_Best_of_20,3,114.20208740234375,1.4048452774683635,1.0
20260826,10j_5m_082.fjs,Main_Best_of_20,3,109.00565592447917,1.5726214249928792,1.0
20260826,10j_5m_083.fjs,Main_Best_of_20,3,125.3581034342448,1.4844971497853596,1.0
20260826,10j_5m_084.fjs,Main_Best_of_20,3,124.13412475585938,1.4900192817052205,1.0
20260826,10j_5m_085.fjs,Main_Best_of_20,3,104.17689514160156,1.4952319860458374,1.0
20260826,10j_5m_086.fjs,Main_Best_of_20,3,107.02515920003255,1.6105421781539917,1.0
20260826,10j_5m_087.fjs,Main_Best_of_20,3,109.87485758463542,1.5487864812215169,0.6666666666666666
20260826,10j_5m_088.fjs,Main_Best_of_20,3,110.22209930419922,1.6285853385925293,1.0
20260826,10j_5m_089.fjs,Main_Best_of_20,3,185.78239949544272,1.169195294380188,1.0
20260826,10j_5m_090.fjs,Main_Best_of_20,3,91.04123942057292,1.6204274892807007,0.6666666666666666
20260826,10j_5m_091.fjs,Main_Best_of_20,3,118.21045430501302,1.5338943004608154,1.0
20260826,10j_5m_092.fjs,Main_Best_of_20,3,101.74198404947917,1.5865657329559326,0.6666666666666666
20260826,10j_5m_093.fjs,Main_Best_of_20,3,131.0283406575521,1.5454073349634807,1.0
20260826,10j_5m_094.fjs,Main_Best_of_20,3,103.46382904052734,1.3376950025558472,1.0
20260826,10j_5m_095.fjs,Main_Best_of_20,3,114.35927836100261,1.512444257736206,0.6666666666666666
20260826,10j_5m_096.fjs,Main_Best_of_20,3,103.59972635904948,1.5229470332463582,1.0
20260826,10j_5m_097.fjs,Main_Best_of_20,3,110.8738021850586,1.6315995057423909,1.0
20260826,10j_5m_098.fjs,Main_Best_of_20,3,116.56570434570312,1.7470244566599529,0.3333333333333333
20260826,10j_5m_099.fjs,Main_Best_of_20,3,126.37083689371745,1.565205176671346,1.0
20260826,10j_5m_100.fjs,Main_Best_of_20,3,95.0730209350586,1.3766720294952393,1.0
20260827,10j_5m_021.fjs,Main_Best_of_20,3,116.52989959716797,1.513020435969035,1.0
20260827,10j_5m_022.fjs,Main_Best_of_20,3,115.31984965006511,1.5601762930552165,1.0
20260827,10j_5m_023.fjs,Main_Best_of_20,3,115.49609375,1.261667013168335,1.0
20260827,10j_5m_024.fjs,Main_Best_of_20,3,102.87240346272786,1.5774208704630535,1.0
20260827,10j_5m_025.fjs,Main_Best_of_20,3,96.93705240885417,1.6309006214141846,1.0
20260827,10j_5m_026.fjs,Main_Best_of_20,3,105.39920043945312,1.4987513224283855,1.0
20260827,10j_5m_027.fjs,Main_Best_of_20,3,112.72532145182292,1.7694465319315593,0.3333333333333333
20260827,10j_5m_028.fjs,Main_Best_of_20,3,97.76588185628255,1.542982578277588,1.0
20260827,10j_5m_029.fjs,Main_Best_of_20,3,114.38998921712239,1.5657572348912556,1.0
20260827,10j_5m_030.fjs,Main_Best_of_20,3,118.99476369222005,1.4796372254689534,1.0
20260827,10j_5m_031.fjs,Main_Best_of_20,3,130.1846669514974,1.5610389312108357,1.0
20260827,10j_5m_032.fjs,Main_Best_of_20,3,114.04768625895183,1.372840444246928,1.0
20260827,10j_5m_033.fjs,Main_Best_of_20,3,124.48126220703125,1.8045641581217449,0.3333333333333333
20260827,10j_5m_034.fjs,Main_Best_of_20,3,138.18302408854166,1.3001940250396729,1.0
20260827,10j_5m_035.fjs,Main_Best_of_20,3,121.4287821451823,1.5166101058324177,1.0
20260827,10j_5m_036.fjs,Main_Best_of_20,3,89.16666666666667,1.3543225526809692,1.0
20260827,10j_5m_037.fjs,Main_Best_of_20,3,104.5,1.2184584538141887,1.0
20260827,10j_5m_038.fjs,Main_Best_of_20,3,116.01405080159505,1.639350136121114,1.0
20260827,10j_5m_039.fjs,Main_Best_of_20,3,147.0222930908203,1.4539378881454468,1.0
20260827,10j_5m_040.fjs,Main_Best_of_20,3,113.8128890991211,1.5164994796117146,1.0
20260827,10j_5m_041.fjs,Main_Best_of_20,3,120.11524963378906,1.5224353075027466,1.0
20260827,10j_5m_042.fjs,Main_Best_of_20,3,122.83333333333333,1.7553212245305378,0.6666666666666666
20260827,10j_5m_043.fjs,Main_Best_of_20,3,120.07031758626302,1.4981586535771687,1.0
20260827,10j_5m_044.fjs,Main_Best_of_20,3,131.240966796875,1.6191117763519287,1.0
20260827,10j_5m_045.fjs,Main_Best_of_20,3,115.83333333333333,1.4051089684168498,1.0
20260827,10j_5m_046.fjs,Main_Best_of_20,3,122.83333333333333,1.5303758382797241,0.6666666666666666
20260827,10j_5m_047.fjs,Main_Best_of_20,3,116.88743845621745,1.6051475604375203,1.0
20260827,10j_5m_048.fjs,Main_Best_of_20,3,110.66788228352864,1.5320781071980794,1.0
20260827,10j_5m_049.fjs,Main_Best_of_20,3,101.83333333333333,1.4662058353424072,1.0
20260827,10j_5m_050.fjs,Main_Best_of_20,3,123.88518524169922,1.1627821326255798,1.0
20260827,10j_5m_051.fjs,Main_Best_of_20,3,105.5291035970052,1.4063407977422078,1.0
20260827,10j_5m_052.fjs,Main_Best_of_20,3,109.44357299804688,1.314712921778361,1.0
20260827,10j_5m_053.fjs,Main_Best_of_20,3,122.2965087890625,1.4770530859629314,1.0
20260827,10j_5m_054.fjs,Main_Best_of_20,3,109.34014383951823,1.2278772592544556,1.0
20260827,10j_5m_055.fjs,Main_Best_of_20,3,107.73793029785156,1.4555315971374512,1.0
20260827,10j_5m_056.fjs,Main_Best_of_20,3,128.20791880289713,1.603373408317566,1.0
20260827,10j_5m_057.fjs,Main_Best_of_20,3,108.83333333333333,1.6410531600316365,1.0
20260827,10j_5m_058.fjs,Main_Best_of_20,3,104.80917358398438,1.3048653205235798,1.0
20260827,10j_5m_059.fjs,Main_Best_of_20,3,119.6493631998698,1.63032861550649,0.6666666666666666
20260827,10j_5m_060.fjs,Main_Best_of_20,3,110.99083964029948,1.7433377901713054,0.6666666666666666
20260827,10j_5m_061.fjs,Main_Best_of_20,3,129.79742431640625,1.5286626021067302,0.6666666666666666
20260827,10j_5m_062.fjs,Main_Best_of_20,3,120.70028177897136,1.2126559019088745,1.0
20260827,10j_5m_063.fjs,Main_Best_of_20,3,99.61802419026692,1.3671480417251587,1.0
20260827,10j_5m_064.fjs,Main_Best_of_20,3,119.76291402180989,1.5795857906341553,1.0
20260827,10j_5m_065.fjs,Main_Best_of_20,3,127.80168151855469,1.3783440987269084,1.0
20260827,10j_5m_066.fjs,Main_Best_of_20,3,117.34702809651692,1.4815637270609539,1.0
20260827,10j_5m_067.fjs,Main_Best_of_20,3,106.7452901204427,1.5299416780471802,1.0
20260827,10j_5m_068.fjs,Main_Best_of_20,3,131.53318786621094,1.489508032798767,1.0
20260827,10j_5m_069.fjs,Main_Best_of_20,3,130.43916829427084,1.6346510251363118,1.0
20260827,10j_5m_070.fjs,Main_Best_of_20,3,124.00590515136719,1.5179698467254639,0.6666666666666666
20260827,10j_5m_071.fjs,Main_Best_of_20,3,120.2715072631836,1.6782925526301067,1.0
20260827,10j_5m_072.fjs,Main_Best_of_20,3,111.01302591959636,1.2290274699529011,1.0
20260827,10j_5m_073.fjs,Main_Best_of_20,3,112.105224609375,1.3965695301691692,1.0
20260827,10j_5m_074.fjs,Main_Best_of_20,3,111.00527954101562,1.6359326442082722,0.6666666666666666
20260827,10j_5m_075.fjs,Main_Best_of_20,3,106.17679341634114,1.4872595071792603,1.0
20260827,10j_5m_076.fjs,Main_Best_of_20,3,120.01316833496094,1.3289762735366821,1.0
20260827,10j_5m_077.fjs,Main_Best_of_20,3,114.02378845214844,1.4163425366083782,1.0
20260827,10j_5m_078.fjs,Main_Best_of_20,3,121.66834513346355,1.6441489458084106,1.0
20260827,10j_5m_079.fjs,Main_Best_of_20,3,159.02562459309897,1.4935936133066814,1.0
20260827,10j_5m_080.fjs,Main_Best_of_20,3,129.6021474202474,1.2899115880330403,1.0
20260827,10j_5m_081.fjs,Main_Best_of_20,3,113.50620778401692,1.5312377214431763,1.0
20260827,10j_5m_082.fjs,Main_Best_of_20,3,116.78263092041016,1.4704521894454956,1.0
20260827,10j_5m_083.fjs,Main_Best_of_20,3,123.32030487060547,1.4560222625732422,1.0
20260827,10j_5m_084.fjs,Main_Best_of_20,3,118.57504526774089,1.4855358203252156,1.0
20260827,10j_5m_085.fjs,Main_Best_of_20,3,103.53948974609375,1.4592553774515789,1.0
20260827,10j_5m_086.fjs,Main_Best_of_20,3,103.88656870524089,1.4442809422810872,1.0
20260827,10j_5m_087.fjs,Main_Best_of_20,3,119.58988444010417,1.7078049182891846,0.3333333333333333
20260827,10j_5m_088.fjs,Main_Best_of_20,3,113.3385009765625,1.3788233995437622,1.0
20260827,10j_5m_089.fjs,Main_Best_of_20,3,128.2917683919271,1.5661911964416504,1.0
20260827,10j_5m_090.fjs,Main_Best_of_20,3,94.02803039550781,1.513379693031311,1.0
20260827,10j_5m_091.fjs,Main_Best_of_20,3,116.60377248128255,1.5346219937006633,1.0
20260827,10j_5m_092.fjs,Main_Best_of_20,3,99.45836893717448,1.6604349613189697,1.0
20260827,10j_5m_093.fjs,Main_Best_of_20,3,131.26383463541666,1.4299763441085815,1.0
20260827,10j_5m_094.fjs,Main_Best_of_20,3,105.95175425211589,1.5854032437006633,1.0
20260827,10j_5m_095.fjs,Main_Best_of_20,3,110.95043436686198,1.7986899216969807,0.3333333333333333
20260827,10j_5m_096.fjs,Main_Best_of_20,3,99.2879867553711,1.3761219183603923,1.0
20260827,10j_5m_097.fjs,Main_Best_of_20,3,124.27469380696614,1.480449954668681,1.0
20260827,10j_5m_098.fjs,Main_Best_of_20,3,115.4068603515625,1.6713217894236247,0.6666666666666666
20260827,10j_5m_099.fjs,Main_Best_of_20,3,123.03752136230469,1.4871171315511067,1.0
20260827,10j_5m_100.fjs,Main_Best_of_20,3,98.79159037272136,1.6001582145690918,1.0
20260825,10j_5m_021.fjs,Initial_Best_of_20,3,114.17172241210938,1.6694599390029907,1.0
20260825,10j_5m_022.fjs,Initial_Best_of_20,3,129.5,1.6566846370697021,1.0
20260825,10j_5m_023.fjs,Initial_Best_of_20,3,121.03660583496094,1.6415174007415771,1.0
20260825,10j_5m_024.fjs,Initial_Best_of_20,3,93.31399536132812,1.0224782228469849,1.0
20260825,10j_5m_025.fjs,Initial_Best_of_20,3,100.82730102539062,1.6612212657928467,1.0
20260825,10j_5m_026.fjs,Initial_Best_of_20,3,104.84711456298828,1.6766718626022339,1.0
20260825,10j_5m_027.fjs,Initial_Best_of_20,3,99.6463623046875,1.7890158891677856,0.0
20260825,10j_5m_028.fjs,Initial_Best_of_20,3,101.67960357666016,1.747785210609436,0.0
20260825,10j_5m_029.fjs,Initial_Best_of_20,3,110.5,1.634547233581543,1.0
20260825,10j_5m_030.fjs,Initial_Best_of_20,3,113.8212890625,1.4859768152236938,1.0
20260825,10j_5m_031.fjs,Initial_Best_of_20,3,131.1833953857422,1.4880805015563965,1.0
20260825,10j_5m_032.fjs,Initial_Best_of_20,3,124.5,1.596254825592041,1.0
20260825,10j_5m_033.fjs,Initial_Best_of_20,3,111.49464416503906,2.161301612854004,0.0
20260825,10j_5m_034.fjs,Initial_Best_of_20,3,120.41841125488281,1.5718117952346802,1.0
20260825,10j_5m_035.fjs,Initial_Best_of_20,3,132.2488250732422,1.832444667816162,0.0
20260825,10j_5m_036.fjs,Initial_Best_of_20,3,91.14067840576172,1.6528968811035156,1.0
20260825,10j_5m_037.fjs,Initial_Best_of_20,3,110.56798553466797,1.6887167692184448,1.0
20260825,10j_5m_038.fjs,Initial_Best_of_20,3,122.955810546875,1.7105474472045898,0.0
20260825,10j_5m_039.fjs,Initial_Best_of_20,3,120.58512878417969,1.5857272148132324,1.0
20260825,10j_5m_040.fjs,Initial_Best_of_20,3,114.16204833984375,1.6645914316177368,1.0
20260825,10j_5m_041.fjs,Initial_Best_of_20,3,136.8429718017578,1.5981014966964722,1.0
20260825,10j_5m_042.fjs,Initial_Best_of_20,3,109.10456085205078,1.9919826984405518,0.0
20260825,10j_5m_043.fjs,Initial_Best_of_20,3,157.5,1.3986310958862305,1.0
20260825,10j_5m_044.fjs,Initial_Best_of_20,3,124.89979553222656,1.7312434911727905,0.0
20260825,10j_5m_045.fjs,Initial_Best_of_20,3,119.71112060546875,1.5842382907867432,1.0
20260825,10j_5m_046.fjs,Initial_Best_of_20,3,128.5,1.5123637914657593,1.0
20260825,10j_5m_047.fjs,Initial_Best_of_20,3,116.6986083984375,1.7907919883728027,0.0
20260825,10j_5m_048.fjs,Initial_Best_of_20,3,93.96427154541016,1.4488990306854248,1.0
20260825,10j_5m_049.fjs,Initial_Best_of_20,3,105.81057739257812,1.3929870128631592,1.0
20260825,10j_5m_050.fjs,Initial_Best_of_20,3,116.5,1.6574243307113647,1.0
20260825,10j_5m_051.fjs,Initial_Best_of_20,3,109.84712219238281,1.9586063623428345,0.0
20260825,10j_5m_052.fjs,Initial_Best_of_20,3,114.09928894042969,1.6485270261764526,1.0
20260825,10j_5m_053.fjs,Initial_Best_of_20,3,123.52864837646484,1.6149605512619019,1.0
20260825,10j_5m_054.fjs,Initial_Best_of_20,3,114.42418670654297,1.4870011806488037,1.0
20260825,10j_5m_055.fjs,Initial_Best_of_20,3,111.5,1.225504755973816,1.0
20260825,10j_5m_056.fjs,Initial_Best_of_20,3,109.55276489257812,1.3936140537261963,1.0
20260825,10j_5m_057.fjs,Initial_Best_of_20,3,112.69346618652344,1.7509697675704956,0.0
20260825,10j_5m_058.fjs,Initial_Best_of_20,3,98.8375244140625,2.0320487022399902,0.0
20260825,10j_5m_059.fjs,Initial_Best_of_20,3,116.5,1.5370562076568604,1.0
20260825,10j_5m_060.fjs,Initial_Best_of_20,3,101.9866943359375,1.5583184957504272,1.0
20260825,10j_5m_061.fjs,Initial_Best_of_20,3,126.30989074707031,1.3796366453170776,1.0
20260825,10j_5m_062.fjs,Initial_Best_of_20,3,117.39741516113281,1.6018227338790894,1.0
20260825,10j_5m_063.fjs,Initial_Best_of_20,3,97.1390151977539,1.5142216682434082,1.0
20260825,10j_5m_064.fjs,Initial_Best_of_20,3,109.37936401367188,1.6190065145492554,1.0
20260825,10j_5m_065.fjs,Initial_Best_of_20,3,121.60542297363281,1.8798867464065552,0.0
20260825,10j_5m_066.fjs,Initial_Best_of_20,3,108.5,1.6898066997528076,1.0
20260825,10j_5m_067.fjs,Initial_Best_of_20,3,107.70250701904297,1.9198051691055298,0.0
20260825,10j_5m_068.fjs,Initial_Best_of_20,3,91.6422119140625,1.1228113174438477,1.0
20260825,10j_5m_069.fjs,Initial_Best_of_20,3,112.67205810546875,1.763550877571106,0.0
20260825,10j_5m_070.fjs,Initial_Best_of_20,3,125.53653717041016,1.922863245010376,0.0
20260825,10j_5m_071.fjs,Initial_Best_of_20,3,122.08828735351562,1.3496830463409424,1.0
20260825,10j_5m_072.fjs,Initial_Best_of_20,3,140.05743408203125,1.5060933828353882,1.0
20260825,10j_5m_073.fjs,Initial_Best_of_20,3,113.75678253173828,1.6346126794815063,1.0
20260825,10j_5m_074.fjs,Initial_Best_of_20,3,108.45416259765625,2.1906938552856445,0.0
20260825,10j_5m_075.fjs,Initial_Best_of_20,3,115.56120300292969,2.0344231128692627,0.0
20260825,10j_5m_076.fjs,Initial_Best_of_20,3,121.5,1.6176643371582031,1.0
20260825,10j_5m_077.fjs,Initial_Best_of_20,3,114.00775909423828,1.8160386085510254,0.0
20260825,10j_5m_078.fjs,Initial_Best_of_20,3,125.5,1.7138158082962036,0.0
20260825,10j_5m_079.fjs,Initial_Best_of_20,3,126.63150787353516,1.815488576889038,0.0
20260825,10j_5m_080.fjs,Initial_Best_of_20,3,125.71437072753906,1.4954107999801636,1.0
20260825,10j_5m_081.fjs,Initial_Best_of_20,3,116.5,1.5530492067337036,1.0
20260825,10j_5m_082.fjs,Initial_Best_of_20,3,109.5,1.4235142469406128,1.0
20260825,10j_5m_083.fjs,Initial_Best_of_20,3,131.64071655273438,1.6591063737869263,1.0
20260825,10j_5m_084.fjs,Initial_Best_of_20,3,130.5,1.1017063856124878,1.0
20260825,10j_5m_085.fjs,Initial_Best_of_20,3,113.920166015625,1.6051263809204102,1.0
20260825,10j_5m_086.fjs,Initial_Best_of_20,3,107.1242446899414,1.9402525424957275,0.0
20260825,10j_5m_087.fjs,Initial_Best_of_20,3,124.07904052734375,1.8323853015899658,0.0
20260825,10j_5m_088.fjs,Initial_Best_of_20,3,113.52401733398438,1.8181158304214478,0.0
20260825,10j_5m_089.fjs,Initial_Best_of_20,3,142.6337127685547,1.5777710676193237,1.0
20260825,10j_5m_090.fjs,Initial_Best_of_20,3,101.0768814086914,1.4271425008773804,1.0
20260825,10j_5m_091.fjs,Initial_Best_of_20,3,119.5,2.143784284591675,0.0
20260825,10j_5m_092.fjs,Initial_Best_of_20,3,98.86320495605469,1.4464665651321411,1.0
20260825,10j_5m_093.fjs,Initial_Best_of_20,3,136.5,1.6048305034637451,1.0
20260825,10j_5m_094.fjs,Initial_Best_of_20,3,109.5,1.469971776008606,1.0
20260825,10j_5m_095.fjs,Initial_Best_of_20,3,118.24510192871094,2.0788519382476807,0.0
20260825,10j_5m_096.fjs,Initial_Best_of_20,3,119.0,1.629698634147644,1.0
20260825,10j_5m_097.fjs,Initial_Best_of_20,3,108.91641998291016,1.4812073707580566,1.0
20260825,10j_5m_098.fjs,Initial_Best_of_20,3,114.99729919433594,1.9385192394256592,0.0
20260825,10j_5m_099.fjs,Initial_Best_of_20,3,128.5,1.583011269569397,1.0
20260825,10j_5m_100.fjs,Initial_Best_of_20,3,98.246337890625,1.4591602087020874,1.0
20260826,10j_5m_021.fjs,Initial_Best_of_20,3,114.03755187988281,1.539146900177002,1.0
20260826,10j_5m_022.fjs,Initial_Best_of_20,3,117.78081512451172,1.9355114698410034,0.0
20260826,10j_5m_023.fjs,Initial_Best_of_20,3,134.874755859375,1.399280071258545,1.0
20260826,10j_5m_024.fjs,Initial_Best_of_20,3,96.5,1.658875584602356,1.0
20260826,10j_5m_025.fjs,Initial_Best_of_20,3,94.5,1.5532904863357544,1.0
20260826,10j_5m_026.fjs,Initial_Best_of_20,3,99.75425720214844,1.4557396173477173,1.0
20260826,10j_5m_027.fjs,Initial_Best_of_20,3,100.20905303955078,1.570246934890747,1.0
20260826,10j_5m_028.fjs,Initial_Best_of_20,3,105.5,1.887701153755188,0.0
20260826,10j_5m_029.fjs,Initial_Best_of_20,3,110.19175720214844,1.8818366527557373,0.0
20260826,10j_5m_030.fjs,Initial_Best_of_20,3,120.72911071777344,1.6134988069534302,1.0
20260826,10j_5m_031.fjs,Initial_Best_of_20,3,124.55732727050781,1.4482961893081665,1.0
20260826,10j_5m_032.fjs,Initial_Best_of_20,3,117.0564193725586,2.3090577125549316,0.0
20260826,10j_5m_033.fjs,Initial_Best_of_20,3,131.24269104003906,2.237217903137207,0.0
20260826,10j_5m_034.fjs,Initial_Best_of_20,3,126.62417602539062,1.1324299573898315,1.0
20260826,10j_5m_035.fjs,Initial_Best_of_20,3,121.23213195800781,1.5523185729980469,1.0
20260826,10j_5m_036.fjs,Initial_Best_of_20,3,98.5,1.753203272819519,0.0
20260826,10j_5m_037.fjs,Initial_Best_of_20,3,104.5,1.3900787830352783,1.0
20260826,10j_5m_038.fjs,Initial_Best_of_20,3,124.49234008789062,1.699756383895874,1.0
20260826,10j_5m_039.fjs,Initial_Best_of_20,3,121.5,1.1752129793167114,1.0
20260826,10j_5m_040.fjs,Initial_Best_of_20,3,130.177001953125,1.5813384056091309,1.0
20260826,10j_5m_041.fjs,Initial_Best_of_20,3,134.75054931640625,1.627168893814087,1.0
20260826,10j_5m_042.fjs,Initial_Best_of_20,3,110.62242126464844,1.7499637603759766,0.0
20260826,10j_5m_043.fjs,Initial_Best_of_20,3,128.85018920898438,1.5972926616668701,1.0
20260826,10j_5m_044.fjs,Initial_Best_of_20,3,120.14173889160156,1.693410038948059,1.0
20260826,10j_5m_045.fjs,Initial_Best_of_20,3,122.51068115234375,1.1164356470108032,1.0
20260826,10j_5m_046.fjs,Initial_Best_of_20,3,124.22505950927734,1.9798420667648315,0.0
20260826,10j_5m_047.fjs,Initial_Best_of_20,3,127.61875915527344,1.7485638856887817,0.0
20260826,10j_5m_048.fjs,Initial_Best_of_20,3,104.83558654785156,1.702102780342102,0.0
20260826,10j_5m_049.fjs,Initial_Best_of_20,3,102.38965606689453,1.6181612014770508,1.0
20260826,10j_5m_050.fjs,Initial_Best_of_20,3,116.25566101074219,1.6752010583877563,1.0
20260826,10j_5m_051.fjs,Initial_Best_of_20,3,117.5,1.663352608680725,1.0
20260826,10j_5m_052.fjs,Initial_Best_of_20,3,118.45062255859375,1.5359747409820557,1.0
20260826,10j_5m_053.fjs,Initial_Best_of_20,3,129.5,1.6736632585525513,1.0
20260826,10j_5m_054.fjs,Initial_Best_of_20,3,115.45558166503906,1.4123671054840088,1.0
20260826,10j_5m_055.fjs,Initial_Best_of_20,3,123.99488830566406,1.1425120830535889,1.0
20260826,10j_5m_056.fjs,Initial_Best_of_20,3,110.4592056274414,1.6242269277572632,1.0
20260826,10j_5m_057.fjs,Initial_Best_of_20,3,116.00104522705078,2.1545474529266357,0.0
20260826,10j_5m_058.fjs,Initial_Best_of_20,3,105.15227508544922,2.2767534255981445,0.0
20260826,10j_5m_059.fjs,Initial_Best_of_20,3,123.05706787109375,1.6572129726409912,1.0
20260826,10j_5m_060.fjs,Initial_Best_of_20,3,102.94048309326172,1.6750352382659912,1.0
20260826,10j_5m_061.fjs,Initial_Best_of_20,3,132.5,1.6361157894134521,1.0
20260826,10j_5m_062.fjs,Initial_Best_of_20,3,115.44947814941406,1.3368110656738281,1.0
20260826,10j_5m_063.fjs,Initial_Best_of_20,3,102.51531982421875,1.5832796096801758,1.0
20260826,10j_5m_064.fjs,Initial_Best_of_20,3,101.82013702392578,1.7888505458831787,0.0
20260826,10j_5m_065.fjs,Initial_Best_of_20,3,123.02293395996094,1.933374047279358,0.0
20260826,10j_5m_066.fjs,Initial_Best_of_20,3,111.5,1.630905270576477,1.0
20260826,10j_5m_067.fjs,Initial_Best_of_20,3,155.3736572265625,1.0525890588760376,1.0
20260826,10j_5m_068.fjs,Initial_Best_of_20,3,97.5,1.684816837310791,1.0
20260826,10j_5m_069.fjs,Initial_Best_of_20,3,112.70065307617188,1.6316994428634644,1.0
20260826,10j_5m_070.fjs,Initial_Best_of_20,3,123.5,1.4748221635818481,1.0
20260826,10j_5m_071.fjs,Initial_Best_of_20,3,129.3449249267578,1.5346187353134155,1.0
20260826,10j_5m_072.fjs,Initial_Best_of_20,3,121.77503967285156,1.5148173570632935,1.0
20260826,10j_5m_073.fjs,Initial_Best_of_20,3,114.67678833007812,1.9100548028945923,0.0
20260826,10j_5m_074.fjs,Initial_Best_of_20,3,108.33906555175781,1.9708044528961182,0.0
20260826,10j_5m_075.fjs,Initial_Best_of_20,3,115.0342788696289,1.570236086845398,1.0
20260826,10j_5m_076.fjs,Initial_Best_of_20,3,117.75829315185547,1.504867672920227,1.0
20260826,10j_5m_077.fjs,Initial_Best_of_20,3,126.69903564453125,1.9786051511764526,0.0
20260826,10j_5m_078.fjs,Initial_Best_of_20,3,128.5,1.6205719709396362,1.0
20260826,10j_5m_079.fjs,Initial_Best_of_20,3,136.40841674804688,1.7701005935668945,0.0
20260826,10j_5m_080.fjs,Initial_Best_of_20,3,126.0,1.3009284734725952,1.0
20260826,10j_5m_081.fjs,Initial_Best_of_20,3,117.51624298095703,1.680174708366394,1.0
20260826,10j_5m_082.fjs,Initial_Best_of_20,3,110.5972671508789,1.374422311782837,1.0
20260826,10j_5m_083.fjs,Initial_Best_of_20,3,131.87344360351562,1.4674338102340698,1.0
20260826,10j_5m_084.fjs,Initial_Best_of_20,3,126.97874450683594,1.7142767906188965,0.0
20260826,10j_5m_085.fjs,Initial_Best_of_20,3,115.13421630859375,1.735561728477478,0.0
20260826,10j_5m_086.fjs,Initial_Best_of_20,3,101.69182586669922,1.413650393486023,1.0
20260826,10j_5m_087.fjs,Initial_Best_of_20,3,109.06228637695312,1.5628538131713867,1.0
20260826,10j_5m_088.fjs,Initial_Best_of_20,3,112.5,1.692299246788025,1.0
20260826,10j_5m_089.fjs,Initial_Best_of_20,3,187.67477416992188,0.8736292719841003,1.0
20260826,10j_5m_090.fjs,Initial_Best_of_20,3,89.16719055175781,1.9221903085708618,0.0
20260826,10j_5m_091.fjs,Initial_Best_of_20,3,123.5,1.362929344177246,1.0
20260826,10j_5m_092.fjs,Initial_Best_of_20,3,106.36297607421875,1.5551975965499878,1.0
20260826,10j_5m_093.fjs,Initial_Best_of_20,3,133.49142456054688,1.3779581785202026,1.0
20260826,10j_5m_094.fjs,Initial_Best_of_20,3,103.30059814453125,1.5940316915512085,1.0
20260826,10j_5m_095.fjs,Initial_Best_of_20,3,115.21859741210938,1.7995176315307617,0.0
20260826,10j_5m_096.fjs,Initial_Best_of_20,3,105.09040832519531,1.541228175163269,1.0
20260826,10j_5m_097.fjs,Initial_Best_of_20,3,113.51296997070312,1.4953804016113281,1.0
20260826,10j_5m_098.fjs,Initial_Best_of_20,3,114.08277130126953,1.9037569761276245,0.0
20260826,10j_5m_099.fjs,Initial_Best_of_20,3,117.8010025024414,1.5414742231369019,1.0
20260826,10j_5m_100.fjs,Initial_Best_of_20,3,95.11051177978516,1.2450591325759888,1.0
20260827,10j_5m_021.fjs,Initial_Best_of_20,3,122.07363891601562,1.6487830877304077,1.0
20260827,10j_5m_022.fjs,Initial_Best_of_20,3,115.93013000488281,1.574824571609497,1.0
20260827,10j_5m_023.fjs,Initial_Best_of_20,3,114.14472961425781,1.419845461845398,1.0
20260827,10j_5m_024.fjs,Initial_Best_of_20,3,110.56668853759766,1.7657325267791748,0.0
20260827,10j_5m_025.fjs,Initial_Best_of_20,3,103.5,1.9054803848266602,0.0
20260827,10j_5m_026.fjs,Initial_Best_of_20,3,106.99691009521484,1.6984148025512695,1.0
20260827,10j_5m_027.fjs,Initial_Best_of_20,3,112.93834686279297,1.784218192100525,0.0
20260827,10j_5m_028.fjs,Initial_Best_of_20,3,104.5,1.2153390645980835,1.0
20260827,10j_5m_029.fjs,Initial_Best_of_20,3,118.5,1.2690060138702393,1.0
20260827,10j_5m_030.fjs,Initial_Best_of_20,3,116.66143035888672,1.5169531106948853,1.0
20260827,10j_5m_031.fjs,Initial_Best_of_20,3,134.30638122558594,1.511332392692566,1.0
20260827,10j_5m_032.fjs,Initial_Best_of_20,3,123.91148376464844,2.6459450721740723,0.0
20260827,10j_5m_033.fjs,Initial_Best_of_20,3,123.0,2.146848440170288,0.0
20260827,10j_5m_034.fjs,Initial_Best_of_20,3,137.5,1.5096033811569214,1.0
20260827,10j_5m_035.fjs,Initial_Best_of_20,3,123.28634643554688,1.1884933710098267,1.0
20260827,10j_5m_036.fjs,Initial_Best_of_20,3,89.5,1.558240532875061,1.0
20260827,10j_5m_037.fjs,Initial_Best_of_20,3,107.5,1.3820124864578247,1.0
20260827,10j_5m_038.fjs,Initial_Best_of_20,3,121.22288513183594,1.4718421697616577,1.0
20260827,10j_5m_039.fjs,Initial_Best_of_20,3,147.0222930908203,1.3695391416549683,1.0
20260827,10j_5m_040.fjs,Initial_Best_of_20,3,109.94894409179688,1.6415008306503296,1.0
20260827,10j_5m_041.fjs,Initial_Best_of_20,3,115.959716796875,1.638283371925354,1.0
20260827,10j_5m_042.fjs,Initial_Best_of_20,3,111.5,1.9285404682159424,0.0
20260827,10j_5m_043.fjs,Initial_Best_of_20,3,125.44564819335938,1.6890068054199219,1.0
20260827,10j_5m_044.fjs,Initial_Best_of_20,3,128.82354736328125,1.347154140472412,1.0
20260827,10j_5m_045.fjs,Initial_Best_of_20,3,117.5,1.6689292192459106,1.0
20260827,10j_5m_046.fjs,Initial_Best_of_20,3,141.5,1.6437710523605347,1.0
20260827,10j_5m_047.fjs,Initial_Best_of_20,3,115.21673583984375,2.2959251403808594,0.0
20260827,10j_5m_048.fjs,Initial_Best_of_20,3,109.5,1.335662841796875,1.0
20260827,10j_5m_049.fjs,Initial_Best_of_20,3,100.5,1.417242169380188,1.0
20260827,10j_5m_050.fjs,Initial_Best_of_20,3,130.5,1.6247453689575195,1.0
20260827,10j_5m_051.fjs,Initial_Best_of_20,3,108.93739318847656,1.6895049810409546,1.0
20260827,10j_5m_052.fjs,Initial_Best_of_20,3,112.33071899414062,1.5120742321014404,1.0
20260827,10j_5m_053.fjs,Initial_Best_of_20,3,122.92626190185547,1.5742504596710205,1.0
20260827,10j_5m_054.fjs,Initial_Best_of_20,3,110.99568939208984,1.5401859283447266,1.0
20260827,10j_5m_055.fjs,Initial_Best_of_20,3,104.69615173339844,1.5583423376083374,1.0
20260827,10j_5m_056.fjs,Initial_Best_of_20,3,123.23567199707031,1.5127685070037842,1.0
20260827,10j_5m_057.fjs,Initial_Best_of_20,3,108.0,1.3859893083572388,1.0
20260827,10j_5m_058.fjs,Initial_Best_of_20,3,106.42752075195312,1.8642644882202148,0.0
20260827,10j_5m_059.fjs,Initial_Best_of_20,3,118.51485443115234,1.649841070175171,1.0
20260827,10j_5m_060.fjs,Initial_Best_of_20,3,114.6458740234375,1.9978288412094116,0.0
20260827,10j_5m_061.fjs,Initial_Best_of_20,3,131.09230041503906,1.6865249872207642,1.0
20260827,10j_5m_062.fjs,Initial_Best_of_20,3,115.37696838378906,1.6688638925552368,1.0
20260827,10j_5m_063.fjs,Initial_Best_of_20,3,96.58468627929688,1.3403640985488892,1.0
20260827,10j_5m_064.fjs,Initial_Best_of_20,3,126.06251525878906,1.312650442123413,1.0
20260827,10j_5m_065.fjs,Initial_Best_of_20,3,147.8016815185547,1.291543960571289,1.0
20260827,10j_5m_066.fjs,Initial_Best_of_20,3,113.88550567626953,1.626249074935913,1.0
20260827,10j_5m_067.fjs,Initial_Best_of_20,3,112.86262512207031,1.335329294204712,1.0
20260827,10j_5m_068.fjs,Initial_Best_of_20,3,129.58535766601562,1.686518907546997,1.0
20260827,10j_5m_069.fjs,Initial_Best_of_20,3,127.93824768066406,1.3006404638290405,1.0
20260827,10j_5m_070.fjs,Initial_Best_of_20,3,120.42138671875,1.6247668266296387,1.0
20260827,10j_5m_071.fjs,Initial_Best_of_20,3,123.33573150634766,1.5566542148590088,1.0
20260827,10j_5m_072.fjs,Initial_Best_of_20,3,110.16554260253906,1.6928081512451172,1.0
20260827,10j_5m_073.fjs,Initial_Best_of_20,3,109.5,1.5431791543960571,1.0
20260827,10j_5m_074.fjs,Initial_Best_of_20,3,106.5910415649414,1.882399559020996,0.0
20260827,10j_5m_075.fjs,Initial_Best_of_20,3,105.35379028320312,1.4216203689575195,1.0
20260827,10j_5m_076.fjs,Initial_Best_of_20,3,122.6283187866211,1.5915127992630005,1.0
20260827,10j_5m_077.fjs,Initial_Best_of_20,3,115.90959167480469,2.0540847778320312,0.0
20260827,10j_5m_078.fjs,Initial_Best_of_20,3,121.72627258300781,1.5253794193267822,1.0
20260827,10j_5m_079.fjs,Initial_Best_of_20,3,176.5009765625,1.787136435508728,0.0
20260827,10j_5m_080.fjs,Initial_Best_of_20,3,129.1660614013672,1.5973161458969116,1.0
20260827,10j_5m_081.fjs,Initial_Best_of_20,3,119.38519287109375,1.5954337120056152,1.0
20260827,10j_5m_082.fjs,Initial_Best_of_20,3,129.5,1.75264310836792,0.0
20260827,10j_5m_083.fjs,Initial_Best_of_20,3,116.61398315429688,1.6459797620773315,1.0
20260827,10j_5m_084.fjs,Initial_Best_of_20,3,127.07911682128906,1.6483758687973022,1.0
20260827,10j_5m_085.fjs,Initial_Best_of_20,3,111.69406127929688,1.8891990184783936,0.0
20260827,10j_5m_086.fjs,Initial_Best_of_20,3,105.5,1.6784707307815552,1.0
20260827,10j_5m_087.fjs,Initial_Best_of_20,3,117.7696533203125,1.8973429203033447,0.0
20260827,10j_5m_088.fjs,Initial_Best_of_20,3,116.21627807617188,1.6960512399673462,1.0
20260827,10j_5m_089.fjs,Initial_Best_of_20,3,139.1751708984375,1.8033618927001953,0.0
20260827,10j_5m_090.fjs,Initial_Best_of_20,3,101.60701751708984,1.8386560678482056,0.0
20260827,10j_5m_091.fjs,Initial_Best_of_20,3,126.1200180053711,1.644962191581726,1.0
20260827,10j_5m_092.fjs,Initial_Best_of_20,3,111.20820617675781,1.6553654670715332,1.0
20260827,10j_5m_093.fjs,Initial_Best_of_20,3,129.30419921875,1.5831538438796997,1.0
20260827,10j_5m_094.fjs,Initial_Best_of_20,3,107.54475402832031,1.627205491065979,1.0
20260827,10j_5m_095.fjs,Initial_Best_of_20,3,106.43689727783203,1.766352891921997,0.0
20260827,10j_5m_096.fjs,Initial_Best_of_20,3,109.12601470947266,1.8799002170562744,0.0
20260827,10j_5m_097.fjs,Initial_Best_of_20,3,122.72752380371094,1.431993007659912,1.0
20260827,10j_5m_098.fjs,Initial_Best_of_20,3,119.12557983398438,2.022486925125122,0.0
20260827,10j_5m_099.fjs,Initial_Best_of_20,3,125.5,1.7808443307876587,0.0
20260827,10j_5m_100.fjs,Initial_Best_of_20,3,99.93484497070312,1.698783040046692,1.0
20260825,10j_5m_021.fjs,Reward_only_Best_of_20,3,119.88209025065105,1.6761093537012737,0.6666666666666666
20260825,10j_5m_022.fjs,Reward_only_Best_of_20,3,128.31988779703775,1.7513274351755779,0.6666666666666666
20260825,10j_5m_023.fjs,Reward_only_Best_of_20,3,120.863037109375,1.4558982849121094,1.0
20260825,10j_5m_024.fjs,Reward_only_Best_of_20,3,95.14151509602864,1.419207255045573,1.0
20260825,10j_5m_025.fjs,Reward_only_Best_of_20,3,93.49293518066406,1.4935733079910278,1.0
20260825,10j_5m_026.fjs,Reward_only_Best_of_20,3,105.05502573649089,1.5159019231796265,1.0
20260825,10j_5m_027.fjs,Reward_only_Best_of_20,3,110.3878911336263,1.8287420272827148,0.3333333333333333
20260825,10j_5m_028.fjs,Reward_only_Best_of_20,3,102.5,1.7072878281275432,0.6666666666666666
20260825,10j_5m_029.fjs,Reward_only_Best_of_20,3,111.34830983479817,1.8530615170796711,0.3333333333333333
20260825,10j_5m_030.fjs,Reward_only_Best_of_20,3,126.34297943115234,1.6744829416275024,0.6666666666666666
20260825,10j_5m_031.fjs,Reward_only_Best_of_20,3,123.7324930826823,1.8055803378423054,0.0
20260825,10j_5m_032.fjs,Reward_only_Best_of_20,3,126.83407592773438,1.4525223175684612,1.0
20260825,10j_5m_033.fjs,Reward_only_Best_of_20,3,113.41623433430989,1.7061878442764282,0.6666666666666666
20260825,10j_5m_034.fjs,Reward_only_Best_of_20,3,119.3909912109375,1.6666202147801716,1.0
20260825,10j_5m_035.fjs,Reward_only_Best_of_20,3,134.08670552571616,1.6573149760564168,0.6666666666666666
20260825,10j_5m_036.fjs,Reward_only_Best_of_20,3,90.39752960205078,1.6645795901616414,1.0
20260825,10j_5m_037.fjs,Reward_only_Best_of_20,3,107.65943145751953,1.7557063897450764,0.3333333333333333
20260825,10j_5m_038.fjs,Reward_only_Best_of_20,3,117.16666666666667,1.603209654490153,0.6666666666666666
20260825,10j_5m_039.fjs,Reward_only_Best_of_20,3,122.50808207194011,1.487122376759847,1.0
20260825,10j_5m_040.fjs,Reward_only_Best_of_20,3,115.09948221842448,1.7549455165863037,0.0
20260825,10j_5m_041.fjs,Reward_only_Best_of_20,3,136.9476572672526,1.352670669555664,1.0
20260825,10j_5m_042.fjs,Reward_only_Best_of_20,3,116.2113520304362,1.9946759939193726,0.0
20260825,10j_5m_043.fjs,Reward_only_Best_of_20,3,152.1477254231771,1.3835015296936035,1.0
20260825,10j_5m_044.fjs,Reward_only_Best_of_20,3,120.2854232788086,1.6596720218658447,0.3333333333333333
20260825,10j_5m_045.fjs,Reward_only_Best_of_20,3,119.13364664713542,1.5620025793711345,1.0
20260825,10j_5m_046.fjs,Reward_only_Best_of_20,3,130.36222076416016,1.799777626991272,0.3333333333333333
20260825,10j_5m_047.fjs,Reward_only_Best_of_20,3,115.61084493001302,1.5309340953826904,1.0
20260825,10j_5m_048.fjs,Reward_only_Best_of_20,3,101.1905034383138,1.6416208346684773,0.6666666666666666
20260825,10j_5m_049.fjs,Reward_only_Best_of_20,3,105.9474589029948,1.4653996229171753,1.0
20260825,10j_5m_050.fjs,Reward_only_Best_of_20,3,114.16666666666667,1.4252090056737263,1.0
20260825,10j_5m_051.fjs,Reward_only_Best_of_20,3,110.93839009602864,1.8908857504526775,0.3333333333333333
20260825,10j_5m_052.fjs,Reward_only_Best_of_20,3,122.54492696126302,1.4641149044036865,1.0
20260825,10j_5m_053.fjs,Reward_only_Best_of_20,3,124.55874633789062,1.527640700340271,1.0
20260825,10j_5m_054.fjs,Reward_only_Best_of_20,3,115.60672251383464,1.5578422943751018,1.0
20260825,10j_5m_055.fjs,Reward_only_Best_of_20,3,111.94286092122395,1.5693248907725017,1.0
20260825,10j_5m_056.fjs,Reward_only_Best_of_20,3,116.55276489257812,1.6538047790527344,0.6666666666666666
20260825,10j_5m_057.fjs,Reward_only_Best_of_20,3,113.66446431477864,1.6179253657658894,0.6666666666666666
20260825,10j_5m_058.fjs,Reward_only_Best_of_20,3,104.22696940104167,2.279550790786743,0.0
20260825,10j_5m_059.fjs,Reward_only_Best_of_20,3,116.53605143229167,1.630007227261861,0.6666666666666666
20260825,10j_5m_060.fjs,Reward_only_Best_of_20,3,104.38333638509114,1.3846913973490398,1.0
20260825,10j_5m_061.fjs,Reward_only_Best_of_20,3,130.271853129069,1.5754776398340862,1.0
20260825,10j_5m_062.fjs,Reward_only_Best_of_20,3,119.56797281901042,1.6793539921442668,0.6666666666666666
20260825,10j_5m_063.fjs,Reward_only_Best_of_20,3,98.97618611653645,1.5020567178726196,1.0
20260825,10j_5m_064.fjs,Reward_only_Best_of_20,3,113.57812754313152,1.5985897779464722,1.0
20260825,10j_5m_065.fjs,Reward_only_Best_of_20,3,130.30206044514975,2.1132299105326333,0.0
20260825,10j_5m_066.fjs,Reward_only_Best_of_20,3,109.04844411214192,1.6339395840962727,1.0
20260825,10j_5m_067.fjs,Reward_only_Best_of_20,3,117.08731842041016,1.7969443400700886,0.0
20260825,10j_5m_068.fjs,Reward_only_Best_of_20,3,94.97554524739583,1.566438873608907,0.6666666666666666
20260825,10j_5m_069.fjs,Reward_only_Best_of_20,3,119.80355326334636,1.884745717048645,0.0
20260825,10j_5m_070.fjs,Reward_only_Best_of_20,3,125.8576889038086,2.098033865292867,0.0
20260825,10j_5m_071.fjs,Reward_only_Best_of_20,3,123.35084533691406,1.6148724953333538,1.0
20260825,10j_5m_072.fjs,Reward_only_Best_of_20,3,140.77955118815103,1.593483606974284,1.0
20260825,10j_5m_073.fjs,Reward_only_Best_of_20,3,111.49286651611328,1.5668134291966755,1.0
20260825,10j_5m_074.fjs,Reward_only_Best_of_20,3,108.41536966959636,2.2303357124328613,0.0
20260825,10j_5m_075.fjs,Reward_only_Best_of_20,3,109.99543762207031,2.0813872814178467,0.0
20260825,10j_5m_076.fjs,Reward_only_Best_of_20,3,122.23387654622395,1.3337055842081706,1.0
20260825,10j_5m_077.fjs,Reward_only_Best_of_20,3,113.4978256225586,1.9206929206848145,0.0
20260825,10j_5m_078.fjs,Reward_only_Best_of_20,3,133.32861836751303,1.8560715119043987,0.3333333333333333
20260825,10j_5m_079.fjs,Reward_only_Best_of_20,3,127.1111577351888,1.80644957224528,0.0
20260825,10j_5m_080.fjs,Reward_only_Best_of_20,3,129.32393900553384,1.3869133392969768,1.0
20260825,10j_5m_081.fjs,Reward_only_Best_of_20,3,116.43557230631511,1.488664944966634,1.0
20260825,10j_5m_082.fjs,Reward_only_Best_of_20,3,115.80023193359375,1.4534446001052856,1.0
20260825,10j_5m_083.fjs,Reward_only_Best_of_20,3,130.9188028971354,1.7235772212346394,0.6666666666666666
20260825,10j_5m_084.fjs,Reward_only_Best_of_20,3,127.94899495442708,1.3335971236228943,1.0
20260825,10j_5m_085.fjs,Reward_only_Best_of_20,3,107.08177947998047,1.8799784978230794,0.0
20260825,10j_5m_086.fjs,Reward_only_Best_of_20,3,101.24875895182292,1.9671719074249268,0.3333333333333333
20260825,10j_5m_087.fjs,Reward_only_Best_of_20,3,121.97931416829427,1.660859187444051,0.6666666666666666
20260825,10j_5m_088.fjs,Reward_only_Best_of_20,3,115.14568583170573,1.6427346070607503,0.6666666666666666
20260825,10j_5m_089.fjs,Reward_only_Best_of_20,3,139.81513468424478,1.7110154628753662,0.6666666666666666
20260825,10j_5m_090.fjs,Reward_only_Best_of_20,3,102.5,1.6137519280115764,1.0
20260825,10j_5m_091.fjs,Reward_only_Best_of_20,3,123.46994272867839,1.934142271677653,0.3333333333333333
20260825,10j_5m_092.fjs,Reward_only_Best_of_20,3,107.64035034179688,1.6476373275121052,0.6666666666666666
20260825,10j_5m_093.fjs,Reward_only_Best_of_20,3,141.78412373860678,1.732613205909729,0.3333333333333333
20260825,10j_5m_094.fjs,Reward_only_Best_of_20,3,107.70202128092448,1.440774401028951,1.0
20260825,10j_5m_095.fjs,Reward_only_Best_of_20,3,112.5429458618164,2.392167568206787,0.0
20260825,10j_5m_096.fjs,Reward_only_Best_of_20,3,124.82947285970052,1.438217282295227,1.0
20260825,10j_5m_097.fjs,Reward_only_Best_of_20,3,115.6426264444987,1.4300002257029216,1.0
20260825,10j_5m_098.fjs,Reward_only_Best_of_20,3,112.80428822835286,1.9998652935028076,0.0
20260825,10j_5m_099.fjs,Reward_only_Best_of_20,3,128.08191426595053,1.6445736487706502,0.6666666666666666
20260825,10j_5m_100.fjs,Reward_only_Best_of_20,3,100.65724182128906,1.4287882248560588,1.0
20260826,10j_5m_021.fjs,Reward_only_Best_of_20,3,119.93002065022786,1.6779619455337524,0.3333333333333333
20260826,10j_5m_022.fjs,Reward_only_Best_of_20,3,120.85837300618489,2.0670392513275146,0.0
20260826,10j_5m_023.fjs,Reward_only_Best_of_20,3,139.58373514811197,1.5012586911519368,0.6666666666666666
20260826,10j_5m_024.fjs,Reward_only_Best_of_20,3,98.05964660644531,1.5516960223515828,1.0
20260826,10j_5m_025.fjs,Reward_only_Best_of_20,3,96.82948303222656,1.644860029220581,0.6666666666666666
20260826,10j_5m_026.fjs,Reward_only_Best_of_20,3,98.49517313639323,1.3238706191380818,1.0
20260826,10j_5m_027.fjs,Reward_only_Best_of_20,3,111.86015319824219,1.8507535854975383,0.3333333333333333
20260826,10j_5m_028.fjs,Reward_only_Best_of_20,3,101.83333333333333,1.6869009733200073,0.3333333333333333
20260826,10j_5m_029.fjs,Reward_only_Best_of_20,3,110.22789510091145,1.7583022514979045,0.6666666666666666
20260826,10j_5m_030.fjs,Reward_only_Best_of_20,3,120.53949737548828,1.5896353324254353,1.0
20260826,10j_5m_031.fjs,Reward_only_Best_of_20,3,126.57975260416667,1.9273027578989665,0.3333333333333333
20260826,10j_5m_032.fjs,Reward_only_Best_of_20,3,118.46567281087239,2.2930103143056235,0.0
20260826,10j_5m_033.fjs,Reward_only_Best_of_20,3,119.14950052897136,1.9514482021331787,0.3333333333333333
20260826,10j_5m_034.fjs,Reward_only_Best_of_20,3,125.2908426920573,1.456254005432129,1.0
20260826,10j_5m_035.fjs,Reward_only_Best_of_20,3,124.29351298014323,1.5176515976587932,1.0
20260826,10j_5m_036.fjs,Reward_only_Best_of_20,3,97.90712992350261,1.9292726516723633,0.0
20260826,10j_5m_037.fjs,Reward_only_Best_of_20,3,103.45096842447917,1.7826614379882812,0.6666666666666666
20260826,10j_5m_038.fjs,Reward_only_Best_of_20,3,122.69850413004558,1.6263200044631958,0.6666666666666666
20260826,10j_5m_039.fjs,Reward_only_Best_of_20,3,122.18589782714844,1.5633365313212078,1.0
20260826,10j_5m_040.fjs,Reward_only_Best_of_20,3,130.6784413655599,1.549326499303182,1.0
20260826,10j_5m_041.fjs,Reward_only_Best_of_20,3,136.26212565104166,1.4296351671218872,1.0
20260826,10j_5m_042.fjs,Reward_only_Best_of_20,3,113.22976938883464,1.8492484887440999,0.3333333333333333
20260826,10j_5m_043.fjs,Reward_only_Best_of_20,3,132.4001235961914,1.554825981458028,0.6666666666666666
20260826,10j_5m_044.fjs,Reward_only_Best_of_20,3,115.5,1.7267882426579793,0.6666666666666666
20260826,10j_5m_045.fjs,Reward_only_Best_of_20,3,117.14634704589844,1.4291821320851643,1.0
20260826,10j_5m_046.fjs,Reward_only_Best_of_20,3,136.5,2.2372207641601562,0.3333333333333333
20260826,10j_5m_047.fjs,Reward_only_Best_of_20,3,121.81189982096355,1.5026301145553589,0.6666666666666666
20260826,10j_5m_048.fjs,Reward_only_Best_of_20,3,101.53918965657552,1.5844039916992188,1.0
20260826,10j_5m_049.fjs,Reward_only_Best_of_20,3,104.21805572509766,1.4737335443496704,1.0
20260826,10j_5m_050.fjs,Reward_only_Best_of_20,3,113.93716684977214,1.5935723384221394,1.0
20260826,10j_5m_051.fjs,Reward_only_Best_of_20,3,113.99200693766277,1.7029348214467366,0.6666666666666666
20260826,10j_5m_052.fjs,Reward_only_Best_of_20,3,117.29445902506511,1.588255524635315,1.0
20260826,10j_5m_053.fjs,Reward_only_Best_of_20,3,122.2560297648112,1.5548814137776692,1.0
20260826,10j_5m_054.fjs,Reward_only_Best_of_20,3,113.19268035888672,1.481615702311198,1.0
20260826,10j_5m_055.fjs,Reward_only_Best_of_20,3,115.2301534016927,1.6762031714121501,0.6666666666666666
20260826,10j_5m_056.fjs,Reward_only_Best_of_20,3,134.31119028727213,1.7250465949376423,0.3333333333333333
20260826,10j_5m_057.fjs,Reward_only_Best_of_20,3,109.07740529378255,2.010220487912496,0.0
20260826,10j_5m_058.fjs,Reward_only_Best_of_20,3,107.48973846435547,2.446107188860575,0.0
20260826,10j_5m_059.fjs,Reward_only_Best_of_20,3,120.84151713053386,1.6164536476135254,0.6666666666666666
20260826,10j_5m_060.fjs,Reward_only_Best_of_20,3,103.55366516113281,1.6444533268610637,1.0
20260826,10j_5m_061.fjs,Reward_only_Best_of_20,3,127.5,1.7642841339111328,0.6666666666666666
20260826,10j_5m_062.fjs,Reward_only_Best_of_20,3,120.44947814941406,1.73499592145284,0.6666666666666666
20260826,10j_5m_063.fjs,Reward_only_Best_of_20,3,98.66208902994792,1.3355990648269653,1.0
20260826,10j_5m_064.fjs,Reward_only_Best_of_20,3,104.0080795288086,1.895843466122945,0.3333333333333333
20260826,10j_5m_065.fjs,Reward_only_Best_of_20,3,122.02293395996094,1.6725847721099854,0.6666666666666666
20260826,10j_5m_066.fjs,Reward_only_Best_of_20,3,112.93058013916016,1.5397344430287678,0.6666666666666666
20260826,10j_5m_067.fjs,Reward_only_Best_of_20,3,155.3736572265625,1.147602140903473,1.0
20260826,10j_5m_068.fjs,Reward_only_Best_of_20,3,95.90106709798177,1.7184689044952393,0.3333333333333333
20260826,10j_5m_069.fjs,Reward_only_Best_of_20,3,122.47935994466145,1.7345256010691326,0.6666666666666666
20260826,10j_5m_070.fjs,Reward_only_Best_of_20,3,120.06286366780598,1.5646684567133586,1.0
20260826,10j_5m_071.fjs,Reward_only_Best_of_20,3,129.5067927042643,1.6451743443806965,0.6666666666666666
20260826,10j_5m_072.fjs,Reward_only_Best_of_20,3,117.88289896647136,1.6686275800069172,1.0
20260826,10j_5m_073.fjs,Reward_only_Best_of_20,3,120.15025838216145,1.795023759206136,0.3333333333333333
20260826,10j_5m_074.fjs,Reward_only_Best_of_20,3,110.9049784342448,2.165278673171997,0.0
20260826,10j_5m_075.fjs,Reward_only_Best_of_20,3,105.07553100585938,1.7795333862304688,0.3333333333333333
20260826,10j_5m_076.fjs,Reward_only_Best_of_20,3,121.90194956461589,1.5113767782847087,1.0
20260826,10j_5m_077.fjs,Reward_only_Best_of_20,3,121.2918701171875,2.211500406265259,0.0
20260826,10j_5m_078.fjs,Reward_only_Best_of_20,3,124.50886535644531,1.7934694290161133,0.6666666666666666
20260826,10j_5m_079.fjs,Reward_only_Best_of_20,3,127.30084737141927,1.9434907833735149,0.0
20260826,10j_5m_080.fjs,Reward_only_Best_of_20,3,128.44632212320963,1.448723554611206,1.0
20260826,10j_5m_081.fjs,Reward_only_Best_of_20,3,113.84009297688802,1.5643015305201213,1.0
20260826,10j_5m_082.fjs,Reward_only_Best_of_20,3,108.41135660807292,1.6400150855382283,1.0
20260826,10j_5m_083.fjs,Reward_only_Best_of_20,3,131.92717488606772,1.529193679491679,1.0
20260826,10j_5m_084.fjs,Reward_only_Best_of_20,3,122.99291483561198,1.7620954513549805,0.3333333333333333
20260826,10j_5m_085.fjs,Reward_only_Best_of_20,3,107.96067810058594,1.7138013044993083,0.6666666666666666
20260826,10j_5m_086.fjs,Reward_only_Best_of_20,3,102.19126892089844,1.5543625354766846,0.6666666666666666
20260826,10j_5m_087.fjs,Reward_only_Best_of_20,3,110.02076212565105,1.7031272649765015,0.6666666666666666
20260826,10j_5m_088.fjs,Reward_only_Best_of_20,3,114.55543263753255,1.957858721415202,0.3333333333333333
20260826,10j_5m_089.fjs,Reward_only_Best_of_20,3,185.44906616210938,1.2552271684010823,1.0
20260826,10j_5m_090.fjs,Reward_only_Best_of_20,3,91.84257507324219,2.029892643292745,0.0
20260826,10j_5m_091.fjs,Reward_only_Best_of_20,3,122.5390116373698,1.90499214331309,0.3333333333333333
20260826,10j_5m_092.fjs,Reward_only_Best_of_20,3,106.75611623128255,1.9575328826904297,0.0
20260826,10j_5m_093.fjs,Reward_only_Best_of_20,3,133.51883951822916,1.5142664114634197,0.6666666666666666
20260826,10j_5m_094.fjs,Reward_only_Best_of_20,3,109.10126241048177,1.6033568382263184,0.6666666666666666
20260826,10j_5m_095.fjs,Reward_only_Best_of_20,3,117.8267313639323,1.9478480021158855,0.0
20260826,10j_5m_096.fjs,Reward_only_Best_of_20,3,107.3240966796875,1.617519696553548,0.6666666666666666
20260826,10j_5m_097.fjs,Reward_only_Best_of_20,3,112.55128224690755,1.4164809385935466,1.0
20260826,10j_5m_098.fjs,Reward_only_Best_of_20,3,117.57886250813802,2.146159013112386,0.0
20260826,10j_5m_099.fjs,Reward_only_Best_of_20,3,124.70416768391927,1.533793052037557,1.0
20260826,10j_5m_100.fjs,Reward_only_Best_of_20,3,100.53762817382812,1.649736762046814,0.6666666666666666
20260827,10j_5m_021.fjs,Reward_only_Best_of_20,3,116.76084899902344,1.7653199036916096,0.6666666666666666
20260827,10j_5m_022.fjs,Reward_only_Best_of_20,3,123.47048441569011,1.619333306948344,0.6666666666666666
20260827,10j_5m_023.fjs,Reward_only_Best_of_20,3,121.59958140055339,1.6204548279444377,1.0
20260827,10j_5m_024.fjs,Reward_only_Best_of_20,3,105.22848765055339,1.5679049094518025,1.0
20260827,10j_5m_025.fjs,Reward_only_Best_of_20,3,99.5889383951823,1.6951867739359539,0.3333333333333333
20260827,10j_5m_026.fjs,Reward_only_Best_of_20,3,109.28293355305989,1.4914648532867432,1.0
20260827,10j_5m_027.fjs,Reward_only_Best_of_20,3,112.29117329915364,2.1147090991338096,0.0
20260827,10j_5m_028.fjs,Reward_only_Best_of_20,3,104.04721323649089,1.4691528876622517,1.0
20260827,10j_5m_029.fjs,Reward_only_Best_of_20,3,115.54458618164062,1.468523422876994,1.0
20260827,10j_5m_030.fjs,Reward_only_Best_of_20,3,118.32809702555339,1.3627448081970215,1.0
20260827,10j_5m_031.fjs,Reward_only_Best_of_20,3,137.13719685872397,1.6789315541585286,0.6666666666666666
20260827,10j_5m_032.fjs,Reward_only_Best_of_20,3,119.92467244466145,2.239835182825724,0.0
20260827,10j_5m_033.fjs,Reward_only_Best_of_20,3,122.95958455403645,1.9197970231374104,0.3333333333333333
20260827,10j_5m_034.fjs,Reward_only_Best_of_20,3,138.89641316731772,1.3385201692581177,1.0
20260827,10j_5m_035.fjs,Reward_only_Best_of_20,3,126.09544881184895,1.536299188931783,1.0
20260827,10j_5m_036.fjs,Reward_only_Best_of_20,3,91.83333333333333,1.6616950035095215,0.6666666666666666
20260827,10j_5m_037.fjs,Reward_only_Best_of_20,3,118.8843485514323,1.6544943650563557,1.0
20260827,10j_5m_038.fjs,Reward_only_Best_of_20,3,123.55362447102864,1.7977538506189983,0.3333333333333333
20260827,10j_5m_039.fjs,Reward_only_Best_of_20,3,147.68895975748697,1.407878001530965,1.0
20260827,10j_5m_040.fjs,Reward_only_Best_of_20,3,116.99396260579427,1.6257607539494832,0.6666666666666666
20260827,10j_5m_041.fjs,Reward_only_Best_of_20,3,121.96148173014323,1.6968774795532227,0.6666666666666666
20260827,10j_5m_042.fjs,Reward_only_Best_of_20,3,112.63209533691406,1.9020980993906658,0.0
20260827,10j_5m_043.fjs,Reward_only_Best_of_20,3,122.44553120930989,1.6249850193659465,1.0
20260827,10j_5m_044.fjs,Reward_only_Best_of_20,3,132.2873738606771,1.1212331255276997,1.0
20260827,10j_5m_045.fjs,Reward_only_Best_of_20,3,121.88927205403645,1.4530550638834636,1.0
20260827,10j_5m_046.fjs,Reward_only_Best_of_20,3,144.16666666666666,1.7298564910888672,0.6666666666666666
20260827,10j_5m_047.fjs,Reward_only_Best_of_20,3,117.15611775716145,1.914325475692749,0.0
20260827,10j_5m_048.fjs,Reward_only_Best_of_20,3,114.76707712809245,1.6037927865982056,1.0
20260827,10j_5m_049.fjs,Reward_only_Best_of_20,3,101.46211496988933,1.6452113389968872,0.6666666666666666
20260827,10j_5m_050.fjs,Reward_only_Best_of_20,3,125.93490091959636,1.5029278993606567,1.0
20260827,10j_5m_051.fjs,Reward_only_Best_of_20,3,114.74574279785156,1.7976471583048503,0.3333333333333333
20260827,10j_5m_052.fjs,Reward_only_Best_of_20,3,114.26054382324219,1.5724045038223267,1.0
20260827,10j_5m_053.fjs,Reward_only_Best_of_20,3,126.09131876627605,1.632368803024292,0.6666666666666666
20260827,10j_5m_054.fjs,Reward_only_Best_of_20,3,110.52575174967448,1.5348680019378662,1.0
20260827,10j_5m_055.fjs,Reward_only_Best_of_20,3,114.2974344889323,1.484751303990682,0.6666666666666666
20260827,10j_5m_056.fjs,Reward_only_Best_of_20,3,128.4334716796875,1.3871158361434937,1.0
20260827,10j_5m_057.fjs,Reward_only_Best_of_20,3,106.99596150716145,1.6042528947194417,1.0
20260827,10j_5m_058.fjs,Reward_only_Best_of_20,3,101.86765034993489,1.8583921591440837,0.3333333333333333
20260827,10j_5m_059.fjs,Reward_only_Best_of_20,3,118.03899892171223,1.873451789220174,0.0
20260827,10j_5m_060.fjs,Reward_only_Best_of_20,3,107.92262268066406,1.9470232327779133,0.0
20260827,10j_5m_061.fjs,Reward_only_Best_of_20,3,135.1734822591146,1.5077860355377197,0.6666666666666666
20260827,10j_5m_062.fjs,Reward_only_Best_of_20,3,126.36694844563802,1.611250400543213,1.0
20260827,10j_5m_063.fjs,Reward_only_Best_of_20,3,97.87918853759766,1.5068728526433308,1.0
20260827,10j_5m_064.fjs,Reward_only_Best_of_20,3,135.06251525878906,1.7097787857055664,0.3333333333333333
20260827,10j_5m_065.fjs,Reward_only_Best_of_20,3,131.13501485188803,2.3415775299072266,0.0
20260827,10j_5m_066.fjs,Reward_only_Best_of_20,3,122.95841979980469,1.5169923305511475,1.0
20260827,10j_5m_067.fjs,Reward_only_Best_of_20,3,114.95774841308594,1.5843725601832073,1.0
20260827,10j_5m_068.fjs,Reward_only_Best_of_20,3,132.83987426757812,1.3902771472930908,1.0
20260827,10j_5m_069.fjs,Reward_only_Best_of_20,3,124.97941589355469,1.5443689028422039,0.6666666666666666
20260827,10j_5m_070.fjs,Reward_only_Best_of_20,3,125.65582275390625,1.7196625868479412,0.3333333333333333
20260827,10j_5m_071.fjs,Reward_only_Best_of_20,3,134.24810536702475,1.7023343642552693,0.3333333333333333
20260827,10j_5m_072.fjs,Reward_only_Best_of_20,3,115.09641774495442,1.7000728845596313,0.3333333333333333
20260827,10j_5m_073.fjs,Reward_only_Best_of_20,3,114.64189910888672,1.6474765141805012,0.6666666666666666
20260827,10j_5m_074.fjs,Reward_only_Best_of_20,3,113.66304779052734,2.0687578121821084,0.0
20260827,10j_5m_075.fjs,Reward_only_Best_of_20,3,108.58974202473958,1.5588531891504924,1.0
20260827,10j_5m_076.fjs,Reward_only_Best_of_20,3,120.24368540445964,1.6536167065302532,1.0
20260827,10j_5m_077.fjs,Reward_only_Best_of_20,3,117.4741948445638,2.272810935974121,0.0
20260827,10j_5m_078.fjs,Reward_only_Best_of_20,3,124.92750040690105,1.8208859364191692,0.3333333333333333
20260827,10j_5m_079.fjs,Reward_only_Best_of_20,3,162.33851623535156,1.4425758918126423,1.0
20260827,10j_5m_080.fjs,Reward_only_Best_of_20,3,126.71082305908203,1.4953919251759846,1.0
20260827,10j_5m_081.fjs,Reward_only_Best_of_20,3,115.50620778401692,1.501765529314677,1.0
20260827,10j_5m_082.fjs,Reward_only_Best_of_20,3,124.17718251546223,1.6888521512349446,0.3333333333333333
20260827,10j_5m_083.fjs,Reward_only_Best_of_20,3,126.06516520182292,1.5274274349212646,1.0
20260827,10j_5m_084.fjs,Reward_only_Best_of_20,3,125.71809641520183,1.676850438117981,0.3333333333333333
20260827,10j_5m_085.fjs,Reward_only_Best_of_20,3,111.41591389973958,1.836007793744405,0.0
20260827,10j_5m_086.fjs,Reward_only_Best_of_20,3,105.31487782796223,1.7392102479934692,0.3333333333333333
20260827,10j_5m_087.fjs,Reward_only_Best_of_20,3,119.01310221354167,2.109929323196411,0.0
20260827,10j_5m_088.fjs,Reward_only_Best_of_20,3,116.91726938883464,1.9046950737635295,0.0
20260827,10j_5m_089.fjs,Reward_only_Best_of_20,3,132.5031941731771,1.722643534342448,0.6666666666666666
20260827,10j_5m_090.fjs,Reward_only_Best_of_20,3,98.86900583902995,1.88592529296875,0.0
20260827,10j_5m_091.fjs,Reward_only_Best_of_20,3,122.08752695719402,1.628045678138733,0.6666666666666666
20260827,10j_5m_092.fjs,Reward_only_Best_of_20,3,103.61661275227864,1.948065996170044,0.0
20260827,10j_5m_093.fjs,Reward_only_Best_of_20,3,136.01275634765625,1.5147315661112468,1.0
20260827,10j_5m_094.fjs,Reward_only_Best_of_20,3,108.70035044352214,1.5099780956904094,0.6666666666666666
20260827,10j_5m_095.fjs,Reward_only_Best_of_20,3,114.2362289428711,2.14652152856191,0.0
20260827,10j_5m_096.fjs,Reward_only_Best_of_20,3,101.42090861002605,2.290868957837423,0.0
20260827,10j_5m_097.fjs,Reward_only_Best_of_20,3,126.39419047037761,1.4395218690236409,1.0
20260827,10j_5m_098.fjs,Reward_only_Best_of_20,3,118.98142496744792,1.9569367567698162,0.0
20260827,10j_5m_099.fjs,Reward_only_Best_of_20,3,125.11593373616536,1.499424695968628,1.0
20260827,10j_5m_100.fjs,Reward_only_Best_of_20,3,99.28601837158203,1.6644234259923298,0.6666666666666666
20260825,10j_5m_021.fjs,Zero_context_Best_of_20,3,114.02696736653645,1.693222999572754,1.0
20260825,10j_5m_022.fjs,Zero_context_Best_of_20,3,125.83177693684895,1.5973114967346191,1.0
20260825,10j_5m_023.fjs,Zero_context_Best_of_20,3,117.90558369954427,1.580605427424113,1.0
20260825,10j_5m_024.fjs,Zero_context_Best_of_20,3,94.38929748535156,1.319738547007243,1.0
20260825,10j_5m_025.fjs,Zero_context_Best_of_20,3,91.94357299804688,1.561020294825236,1.0
20260825,10j_5m_026.fjs,Zero_context_Best_of_20,3,101.34044392903645,1.5494705041249592,1.0
20260825,10j_5m_027.fjs,Zero_context_Best_of_20,3,107.65790303548177,1.8189179102579753,0.3333333333333333
20260825,10j_5m_028.fjs,Zero_context_Best_of_20,3,97.82656351725261,1.6057453552881877,0.6666666666666666
20260825,10j_5m_029.fjs,Zero_context_Best_of_20,3,103.66977437337239,1.2993621031443279,1.0
20260825,10j_5m_030.fjs,Zero_context_Best_of_20,3,118.1222635904948,1.5935371319452922,1.0
20260825,10j_5m_031.fjs,Zero_context_Best_of_20,3,122.45049285888672,1.4932414690653484,1.0
20260825,10j_5m_032.fjs,Zero_context_Best_of_20,3,123.09464009602864,1.5077452262242634,1.0
20260825,10j_5m_033.fjs,Zero_context_Best_of_20,3,111.89870961507161,1.313341736793518,1.0
20260825,10j_5m_034.fjs,Zero_context_Best_of_20,3,113.27940114339192,1.5531632502873738,1.0
20260825,10j_5m_035.fjs,Zero_context_Best_of_20,3,126.0029805501302,1.6002515157063801,0.6666666666666666
20260825,10j_5m_036.fjs,Zero_context_Best_of_20,3,87.28995768229167,1.2592054605484009,1.0
20260825,10j_5m_037.fjs,Zero_context_Best_of_20,3,102.27353922526042,1.4054762522379558,1.0
20260825,10j_5m_038.fjs,Zero_context_Best_of_20,3,117.08138020833333,1.5358837048212688,1.0
20260825,10j_5m_039.fjs,Zero_context_Best_of_20,3,122.22341918945312,1.4089819987614949,1.0
20260825,10j_5m_040.fjs,Zero_context_Best_of_20,3,115.05401611328125,1.6378480990727742,1.0
20260825,10j_5m_041.fjs,Zero_context_Best_of_20,3,136.83333333333334,1.2909927368164062,1.0
20260825,10j_5m_042.fjs,Zero_context_Best_of_20,3,109.9497299194336,1.5686413447062175,1.0
20260825,10j_5m_043.fjs,Zero_context_Best_of_20,3,154.95372517903647,1.298896590868632,1.0
20260825,10j_5m_044.fjs,Zero_context_Best_of_20,3,119.7524922688802,1.5659696658452351,1.0
20260825,10j_5m_045.fjs,Zero_context_Best_of_20,3,119.30741373697917,1.4325040976206462,1.0
20260825,10j_5m_046.fjs,Zero_context_Best_of_20,3,127.71605936686198,1.412324587504069,1.0
20260825,10j_5m_047.fjs,Zero_context_Best_of_20,3,112.57218933105469,1.3222657044728596,1.0
20260825,10j_5m_048.fjs,Zero_context_Best_of_20,3,96.8216044108073,1.6029364267985027,1.0
20260825,10j_5m_049.fjs,Zero_context_Best_of_20,3,99.29139200846355,1.3206567764282227,1.0
20260825,10j_5m_050.fjs,Zero_context_Best_of_20,3,115.77725728352864,1.4885876178741455,1.0
20260825,10j_5m_051.fjs,Zero_context_Best_of_20,3,107.13807678222656,1.5413813591003418,1.0
20260825,10j_5m_052.fjs,Zero_context_Best_of_20,3,114.006591796875,1.434046785036723,1.0
20260825,10j_5m_053.fjs,Zero_context_Best_of_20,3,122.86270650227864,1.4715993404388428,1.0
20260825,10j_5m_054.fjs,Zero_context_Best_of_20,3,113.65741729736328,1.3687911828358967,1.0
20260825,10j_5m_055.fjs,Zero_context_Best_of_20,3,109.33095804850261,1.3630247910817463,1.0
20260825,10j_5m_056.fjs,Zero_context_Best_of_20,3,122.55276489257812,1.6794829765955608,0.6666666666666666
20260825,10j_5m_057.fjs,Zero_context_Best_of_20,3,111.46891021728516,1.5470638672510784,1.0
20260825,10j_5m_058.fjs,Zero_context_Best_of_20,3,102.2897237141927,1.8864952723185222,0.0
20260825,10j_5m_059.fjs,Zero_context_Best_of_20,3,115.5540771484375,1.6163318951924641,1.0
20260825,10j_5m_060.fjs,Zero_context_Best_of_20,3,102.48522440592448,1.4060584902763367,1.0
20260825,10j_5m_061.fjs,Zero_context_Best_of_20,3,127.45469665527344,1.439819574356079,1.0
20260825,10j_5m_062.fjs,Zero_context_Best_of_20,3,115.72548166910808,1.6095202763875325,1.0
20260825,10j_5m_063.fjs,Zero_context_Best_of_20,3,100.58389282226562,1.321349064509074,1.0
20260825,10j_5m_064.fjs,Zero_context_Best_of_20,3,101.92977142333984,1.579924503962199,1.0
20260825,10j_5m_065.fjs,Zero_context_Best_of_20,3,135.16666666666666,1.891548713048299,0.0
20260825,10j_5m_066.fjs,Zero_context_Best_of_20,3,106.92793273925781,1.4758359988530476,1.0
20260825,10j_5m_067.fjs,Zero_context_Best_of_20,3,108.65682983398438,1.5950421492258708,1.0
20260825,10j_5m_068.fjs,Zero_context_Best_of_20,3,92.4656473795573,1.3262208700180054,1.0
20260825,10j_5m_069.fjs,Zero_context_Best_of_20,3,122.33872477213542,1.622306227684021,1.0
20260825,10j_5m_070.fjs,Zero_context_Best_of_20,3,120.83299001057942,1.8473738034566243,0.0
20260825,10j_5m_071.fjs,Zero_context_Best_of_20,3,121.68417867024739,1.5352997382481892,1.0
20260825,10j_5m_072.fjs,Zero_context_Best_of_20,3,133.3232218424479,1.4556602636973064,1.0
20260825,10j_5m_073.fjs,Zero_context_Best_of_20,3,110.98142751057942,1.2330155769983928,1.0
20260825,10j_5m_074.fjs,Zero_context_Best_of_20,3,111.74870300292969,1.902783950169881,0.3333333333333333
20260825,10j_5m_075.fjs,Zero_context_Best_of_20,3,111.85908508300781,1.5384409825007122,1.0
20260825,10j_5m_076.fjs,Zero_context_Best_of_20,3,118.51671091715495,1.1864757736523945,1.0
20260825,10j_5m_077.fjs,Zero_context_Best_of_20,3,108.05717468261719,1.5942967335383098,1.0
20260825,10j_5m_078.fjs,Zero_context_Best_of_20,3,121.08473205566406,1.6227060159047444,1.0
20260825,10j_5m_079.fjs,Zero_context_Best_of_20,3,119.67782847086589,1.6221427917480469,1.0
20260825,10j_5m_080.fjs,Zero_context_Best_of_20,3,137.97624715169272,1.623681624730428,1.0
20260825,10j_5m_081.fjs,Zero_context_Best_of_20,3,113.93557230631511,1.2856583992640178,1.0
20260825,10j_5m_082.fjs,Zero_context_Best_of_20,3,114.43379720052083,1.3347273071606953,1.0
20260825,10j_5m_083.fjs,Zero_context_Best_of_20,3,127.56829833984375,1.6552767356236775,1.0
20260825,10j_5m_084.fjs,Zero_context_Best_of_20,3,124.14359537760417,1.5741896629333496,1.0
20260825,10j_5m_085.fjs,Zero_context_Best_of_20,3,101.92685445149739,1.4607199827829997,1.0
20260825,10j_5m_086.fjs,Zero_context_Best_of_20,3,104.00947825113933,1.7965738375981648,0.3333333333333333
20260825,10j_5m_087.fjs,Zero_context_Best_of_20,3,116.3126449584961,1.4461111625035603,1.0
20260825,10j_5m_088.fjs,Zero_context_Best_of_20,3,113.66666666666667,1.6146411498387654,1.0
20260825,10j_5m_089.fjs,Zero_context_Best_of_20,3,131.96704610188803,1.4881571531295776,1.0
20260825,10j_5m_090.fjs,Zero_context_Best_of_20,3,100.61143747965495,1.5816293954849243,1.0
20260825,10j_5m_091.fjs,Zero_context_Best_of_20,3,123.81338246663411,1.758629043896993,0.6666666666666666
20260825,10j_5m_092.fjs,Zero_context_Best_of_20,3,99.75127410888672,1.5228342612584431,1.0
20260825,10j_5m_093.fjs,Zero_context_Best_of_20,3,131.16666666666666,1.369372010231018,1.0
20260825,10j_5m_094.fjs,Zero_context_Best_of_20,3,105.62481943766277,1.6197070280710857,1.0
20260825,10j_5m_095.fjs,Zero_context_Best_of_20,3,118.6634012858073,1.7926064729690552,0.3333333333333333
20260825,10j_5m_096.fjs,Zero_context_Best_of_20,3,116.74963633219402,1.6114753484725952,1.0
20260825,10j_5m_097.fjs,Zero_context_Best_of_20,3,108.19319152832031,1.39091960589091,1.0
20260825,10j_5m_098.fjs,Zero_context_Best_of_20,3,114.04609680175781,1.6084856589635212,0.6666666666666666
20260825,10j_5m_099.fjs,Zero_context_Best_of_20,3,122.01241048177083,1.453900694847107,1.0
20260825,10j_5m_100.fjs,Zero_context_Best_of_20,3,108.4847183227539,1.6417813698450725,0.6666666666666666
20260826,10j_5m_021.fjs,Zero_context_Best_of_20,3,114.96073659261067,1.2970853646596272,1.0
20260826,10j_5m_022.fjs,Zero_context_Best_of_20,3,118.85837300618489,1.7098935047785442,0.3333333333333333
20260826,10j_5m_023.fjs,Zero_context_Best_of_20,3,139.58373514811197,1.858975927035014,0.0
20260826,10j_5m_024.fjs,Zero_context_Best_of_20,3,94.04525756835938,1.4622435569763184,1.0
20260826,10j_5m_025.fjs,Zero_context_Best_of_20,3,95.20425923665364,1.6040736039479573,1.0
20260826,10j_5m_026.fjs,Zero_context_Best_of_20,3,98.84336853027344,1.2967492739359539,1.0
20260826,10j_5m_027.fjs,Zero_context_Best_of_20,3,104.79149119059245,1.6962368885676067,0.3333333333333333
20260826,10j_5m_028.fjs,Zero_context_Best_of_20,3,96.16031138102214,1.5693139632542927,1.0
20260826,10j_5m_029.fjs,Zero_context_Best_of_20,3,108.51609802246094,1.6558448473612468,0.6666666666666666
20260826,10j_5m_030.fjs,Zero_context_Best_of_20,3,117.87283070882161,1.6074879169464111,1.0
20260826,10j_5m_031.fjs,Zero_context_Best_of_20,3,120.58272552490234,1.4486512740453084,1.0
20260826,10j_5m_032.fjs,Zero_context_Best_of_20,3,114.11915842692058,1.5118180116017659,0.6666666666666666
20260826,10j_5m_033.fjs,Zero_context_Best_of_20,3,123.30575561523438,1.5746228297551472,1.0
20260826,10j_5m_034.fjs,Zero_context_Best_of_20,3,126.5372823079427,1.3809730609258015,1.0
20260826,10j_5m_035.fjs,Zero_context_Best_of_20,3,124.32284545898438,1.2313287655512493,1.0
20260826,10j_5m_036.fjs,Zero_context_Best_of_20,3,99.2035649617513,1.7634417215983074,0.3333333333333333
20260826,10j_5m_037.fjs,Zero_context_Best_of_20,3,102.52532450358073,1.6159330209096272,1.0
20260826,10j_5m_038.fjs,Zero_context_Best_of_20,3,117.89483133951823,1.5850176016489665,1.0
20260826,10j_5m_039.fjs,Zero_context_Best_of_20,3,121.58263142903645,1.3368957837422688,1.0
20260826,10j_5m_040.fjs,Zero_context_Best_of_20,3,130.14408365885416,1.5252114534378052,1.0
20260826,10j_5m_041.fjs,Zero_context_Best_of_20,3,134.595458984375,1.4692403078079224,1.0
20260826,10j_5m_042.fjs,Zero_context_Best_of_20,3,107.58647155761719,1.6963692506154378,0.6666666666666666
20260826,10j_5m_043.fjs,Zero_context_Best_of_20,3,129.4001235961914,1.3222935994466145,1.0
20260826,10j_5m_044.fjs,Zero_context_Best_of_20,3,114.83333333333333,1.4949277242024739,1.0
20260826,10j_5m_045.fjs,Zero_context_Best_of_20,3,116.47968037923177,1.4011990626653035,1.0
20260826,10j_5m_046.fjs,Zero_context_Best_of_20,3,127.50693003336589,1.8807402054468791,0.3333333333333333
20260826,10j_5m_047.fjs,Zero_context_Best_of_20,3,111.47684478759766,1.613404671351115,1.0
20260826,10j_5m_048.fjs,Zero_context_Best_of_20,3,100.95317077636719,1.4734636545181274,1.0
20260826,10j_5m_049.fjs,Zero_context_Best_of_20,3,104.13718922932942,1.5308509667714436,1.0
20260826,10j_5m_050.fjs,Zero_context_Best_of_20,3,115.50419362386067,1.4853817224502563,1.0
20260826,10j_5m_051.fjs,Zero_context_Best_of_20,3,110.01578776041667,1.2356078624725342,1.0
20260826,10j_5m_052.fjs,Zero_context_Best_of_20,3,118.05432637532552,1.5948115984598796,1.0
20260826,10j_5m_053.fjs,Zero_context_Best_of_20,3,124.80763498942058,1.4988288482030232,1.0
20260826,10j_5m_054.fjs,Zero_context_Best_of_20,3,112.6932601928711,1.5503794352213542,1.0
20260826,10j_5m_055.fjs,Zero_context_Best_of_20,3,111.98493957519531,1.4251073996225994,1.0
20260826,10j_5m_056.fjs,Zero_context_Best_of_20,3,109.98448435465495,1.460736354192098,1.0
20260826,10j_5m_057.fjs,Zero_context_Best_of_20,3,107.85772959391277,1.4556057453155518,1.0
20260826,10j_5m_058.fjs,Zero_context_Best_of_20,3,105.3295669555664,2.043021241823832,0.0
20260826,10j_5m_059.fjs,Zero_context_Best_of_20,3,116.06575266520183,1.5562655925750732,1.0
20260826,10j_5m_060.fjs,Zero_context_Best_of_20,3,103.70449320475261,1.494202454884847,1.0
20260826,10j_5m_061.fjs,Zero_context_Best_of_20,3,128.9108683268229,1.8100430170694988,0.3333333333333333
20260826,10j_5m_062.fjs,Zero_context_Best_of_20,3,112.48315938313802,1.358451207478841,1.0
20260826,10j_5m_063.fjs,Zero_context_Best_of_20,3,96.75281778971355,1.3381812175114949,1.0
20260826,10j_5m_064.fjs,Zero_context_Best_of_20,3,103.57777659098308,1.6089152097702026,1.0
20260826,10j_5m_065.fjs,Zero_context_Best_of_20,3,120.74078877766927,1.6227303345998128,1.0
20260826,10j_5m_066.fjs,Zero_context_Best_of_20,3,114.4218266805013,1.6141817172368367,1.0
20260826,10j_5m_067.fjs,Zero_context_Best_of_20,3,155.3736572265625,1.2332605918248494,1.0
20260826,10j_5m_068.fjs,Zero_context_Best_of_20,3,92.64274342854817,1.2706585327784221,1.0
20260826,10j_5m_069.fjs,Zero_context_Best_of_20,3,126.00991821289062,1.5951563119888306,1.0
20260826,10j_5m_070.fjs,Zero_context_Best_of_20,3,120.82177225748698,1.4329348802566528,1.0
20260826,10j_5m_071.fjs,Zero_context_Best_of_20,3,119.33838144938152,1.464762012163798,1.0
20260826,10j_5m_072.fjs,Zero_context_Best_of_20,3,108.32409159342448,1.2679041624069214,1.0
20260826,10j_5m_073.fjs,Zero_context_Best_of_20,3,115.91483306884766,1.6550576289494832,0.6666666666666666
20260826,10j_5m_074.fjs,Zero_context_Best_of_20,3,111.57164510091145,1.7757447957992554,0.3333333333333333
20260826,10j_5m_075.fjs,Zero_context_Best_of_20,3,108.59579722086589,1.6314627329508464,1.0
20260826,10j_5m_076.fjs,Zero_context_Best_of_20,3,119.69555409749348,1.3750189542770386,1.0
20260826,10j_5m_077.fjs,Zero_context_Best_of_20,3,116.07008870442708,1.4126900831858318,1.0
20260826,10j_5m_078.fjs,Zero_context_Best_of_20,3,120.2780024210612,1.5590745608011882,1.0
20260826,10j_5m_079.fjs,Zero_context_Best_of_20,3,128.55774943033853,1.5619687636693318,1.0
20260826,10j_5m_080.fjs,Zero_context_Best_of_20,3,128.75092061360678,1.5887393951416016,1.0
20260826,10j_5m_081.fjs,Zero_context_Best_of_20,3,114.19751739501953,1.4168423811594646,1.0
20260826,10j_5m_082.fjs,Zero_context_Best_of_20,3,107.08815511067708,1.2854667901992798,1.0
20260826,10j_5m_083.fjs,Zero_context_Best_of_20,3,130.49496459960938,1.5543874104817708,1.0
20260826,10j_5m_084.fjs,Zero_context_Best_of_20,3,123.00138346354167,1.442034085591634,1.0
20260826,10j_5m_085.fjs,Zero_context_Best_of_20,3,105.29882303873698,1.431153655052185,1.0
20260826,10j_5m_086.fjs,Zero_context_Best_of_20,3,102.69182586669922,1.5319329897562664,1.0
20260826,10j_5m_087.fjs,Zero_context_Best_of_20,3,112.58624013264973,1.8384639422098796,0.0
20260826,10j_5m_088.fjs,Zero_context_Best_of_20,3,111.41605122884114,1.468634843826294,1.0
20260826,10j_5m_089.fjs,Zero_context_Best_of_20,3,185.78239949544272,0.9811586936314901,1.0
20260826,10j_5m_090.fjs,Zero_context_Best_of_20,3,92.66847737630208,1.7514776388804119,0.3333333333333333
20260826,10j_5m_091.fjs,Zero_context_Best_of_20,3,119.99470520019531,1.6813103755315144,1.0
20260826,10j_5m_092.fjs,Zero_context_Best_of_20,3,100.01913197835286,1.5409639279047649,0.6666666666666666
20260826,10j_5m_093.fjs,Zero_context_Best_of_20,3,130.42510477701822,1.5093634128570557,1.0
20260826,10j_5m_094.fjs,Zero_context_Best_of_20,3,105.05786641438802,1.4088509877522786,1.0
20260826,10j_5m_095.fjs,Zero_context_Best_of_20,3,108.99727884928386,1.503757158915202,1.0
20260826,10j_5m_096.fjs,Zero_context_Best_of_20,3,104.78441619873047,1.5888545513153076,1.0
20260826,10j_5m_097.fjs,Zero_context_Best_of_20,3,111.31196594238281,1.2476040522257488,1.0
20260826,10j_5m_098.fjs,Zero_context_Best_of_20,3,116.85447438557942,1.8591081301371257,0.0
20260826,10j_5m_099.fjs,Zero_context_Best_of_20,3,126.89031982421875,1.6042569080988567,1.0
20260826,10j_5m_100.fjs,Zero_context_Best_of_20,3,98.72159576416016,1.488039533297221,1.0
20260827,10j_5m_021.fjs,Zero_context_Best_of_20,3,114.33461507161458,1.4284638961156209,1.0
20260827,10j_5m_022.fjs,Zero_context_Best_of_20,3,116.89102681477864,1.6152726809183757,1.0
20260827,10j_5m_023.fjs,Zero_context_Best_of_20,3,114.24135335286458,1.5033857027689617,1.0
20260827,10j_5m_024.fjs,Zero_context_Best_of_20,3,103.89515431722005,1.5982362826665242,1.0
20260827,10j_5m_025.fjs,Zero_context_Best_of_20,3,94.72422281901042,1.4594040711720784,1.0
20260827,10j_5m_026.fjs,Zero_context_Best_of_20,3,106.9645767211914,1.5222772757212322,1.0
20260827,10j_5m_027.fjs,Zero_context_Best_of_20,3,115.97844950358073,1.7868948777516682,0.3333333333333333
20260827,10j_5m_028.fjs,Zero_context_Best_of_20,3,100.26279703776042,1.583916465441386,1.0
20260827,10j_5m_029.fjs,Zero_context_Best_of_20,3,113.94664510091145,1.5024849971135457,1.0
20260827,10j_5m_030.fjs,Zero_context_Best_of_20,3,117.80545298258464,1.591509461402893,1.0
20260827,10j_5m_031.fjs,Zero_context_Best_of_20,3,129.21508280436197,1.5715324878692627,1.0
20260827,10j_5m_032.fjs,Zero_context_Best_of_20,3,119.32418314615886,1.4808499018351238,1.0
20260827,10j_5m_033.fjs,Zero_context_Best_of_20,3,118.72812398274739,1.938738187154134,0.3333333333333333
20260827,10j_5m_034.fjs,Zero_context_Best_of_20,3,137.6624959309896,1.2466799815495808,1.0
20260827,10j_5m_035.fjs,Zero_context_Best_of_20,3,121.79702758789062,1.6396629810333252,1.0
20260827,10j_5m_036.fjs,Zero_context_Best_of_20,3,88.16666666666667,1.5597577095031738,1.0
20260827,10j_5m_037.fjs,Zero_context_Best_of_20,3,104.33333333333333,1.3895420630772908,1.0
20260827,10j_5m_038.fjs,Zero_context_Best_of_20,3,118.31971232096355,1.3408013979593914,1.0
20260827,10j_5m_039.fjs,Zero_context_Best_of_20,3,149.0222930908203,1.3007375001907349,1.0
20260827,10j_5m_040.fjs,Zero_context_Best_of_20,3,112.60375467936198,1.5303819974263508,1.0
20260827,10j_5m_041.fjs,Zero_context_Best_of_20,3,118.44472249348958,1.3581404288609822,1.0
20260827,10j_5m_042.fjs,Zero_context_Best_of_20,3,118.63209533691406,1.7218152681986492,0.3333333333333333
20260827,10j_5m_043.fjs,Zero_context_Best_of_20,3,120.27789306640625,1.6676827669143677,1.0
20260827,10j_5m_044.fjs,Zero_context_Best_of_20,3,130.240966796875,1.464503288269043,1.0
20260827,10j_5m_045.fjs,Zero_context_Best_of_20,3,114.69693247477214,1.2996227741241455,1.0
20260827,10j_5m_046.fjs,Zero_context_Best_of_20,3,133.5,1.939574162165324,0.3333333333333333
20260827,10j_5m_047.fjs,Zero_context_Best_of_20,3,111.4894510904948,1.6005465984344482,1.0
20260827,10j_5m_048.fjs,Zero_context_Best_of_20,3,111.03192647298177,1.5413163503011067,1.0
20260827,10j_5m_049.fjs,Zero_context_Best_of_20,3,98.5,1.430389444033305,1.0
20260827,10j_5m_050.fjs,Zero_context_Best_of_20,3,123.97941589355469,1.3497446179389954,1.0
20260827,10j_5m_051.fjs,Zero_context_Best_of_20,3,106.31246439615886,1.5403913656870525,1.0
20260827,10j_5m_052.fjs,Zero_context_Best_of_20,3,113.40171305338542,1.5926539103190105,1.0
20260827,10j_5m_053.fjs,Zero_context_Best_of_20,3,122.56492106119792,1.511049707730611,1.0
20260827,10j_5m_054.fjs,Zero_context_Best_of_20,3,108.65262603759766,1.3693396250406902,1.0
20260827,10j_5m_055.fjs,Zero_context_Best_of_20,3,109.73793029785156,1.4453384081522624,1.0
20260827,10j_5m_056.fjs,Zero_context_Best_of_20,3,126.10013834635417,1.4992298285166423,1.0
20260827,10j_5m_057.fjs,Zero_context_Best_of_20,3,106.75679524739583,1.3441198269526164,1.0
20260827,10j_5m_058.fjs,Zero_context_Best_of_20,3,99.16666666666667,1.4182478586832683,1.0
20260827,10j_5m_059.fjs,Zero_context_Best_of_20,3,114.13257090250652,1.6238908370335896,1.0
20260827,10j_5m_060.fjs,Zero_context_Best_of_20,3,104.53478495279948,1.672196904818217,0.6666666666666666
20260827,10j_5m_061.fjs,Zero_context_Best_of_20,3,131.67064921061197,1.4228816429773967,1.0
20260827,10j_5m_062.fjs,Zero_context_Best_of_20,3,116.99418640136719,1.488434116045634,1.0
20260827,10j_5m_063.fjs,Zero_context_Best_of_20,3,97.92504374186198,1.4576431512832642,1.0
20260827,10j_5m_064.fjs,Zero_context_Best_of_20,3,121.70813242594402,1.6268739700317383,1.0
20260827,10j_5m_065.fjs,Zero_context_Best_of_20,3,131.36778767903647,1.6054176092147827,0.6666666666666666
20260827,10j_5m_066.fjs,Zero_context_Best_of_20,3,120.44795481363933,1.5377569993336995,1.0
20260827,10j_5m_067.fjs,Zero_context_Best_of_20,3,109.17160034179688,1.5322529474894206,1.0
20260827,10j_5m_068.fjs,Zero_context_Best_of_20,3,130.5625966389974,1.4000461498896282,1.0
20260827,10j_5m_069.fjs,Zero_context_Best_of_20,3,126.6508305867513,1.2381192445755005,1.0
20260827,10j_5m_070.fjs,Zero_context_Best_of_20,3,121.15635172526042,1.5608932971954346,0.6666666666666666
20260827,10j_5m_071.fjs,Zero_context_Best_of_20,3,120.77857716878255,1.6502422094345093,1.0
20260827,10j_5m_072.fjs,Zero_context_Best_of_20,3,108.69805653889973,1.3929557800292969,1.0
20260827,10j_5m_073.fjs,Zero_context_Best_of_20,3,108.96927897135417,1.5284569263458252,1.0
20260827,10j_5m_074.fjs,Zero_context_Best_of_20,3,116.18998718261719,1.7015070517857869,0.6666666666666666
20260827,10j_5m_075.fjs,Zero_context_Best_of_20,3,106.35514068603516,1.571523944536845,1.0
20260827,10j_5m_076.fjs,Zero_context_Best_of_20,3,120.94453938802083,1.502138614654541,1.0
20260827,10j_5m_077.fjs,Zero_context_Best_of_20,3,116.57625834147136,1.6951907475789387,0.6666666666666666
20260827,10j_5m_078.fjs,Zero_context_Best_of_20,3,122.22029622395833,1.5953199068705242,1.0
20260827,10j_5m_079.fjs,Zero_context_Best_of_20,3,162.16903177897134,1.268969217936198,1.0
20260827,10j_5m_080.fjs,Zero_context_Best_of_20,3,128.06951141357422,1.5284454822540283,1.0
20260827,10j_5m_081.fjs,Zero_context_Best_of_20,3,113.72827402750652,1.4107522169748943,1.0
20260827,10j_5m_082.fjs,Zero_context_Best_of_20,3,117.58222961425781,1.4579356114069622,1.0
20260827,10j_5m_083.fjs,Zero_context_Best_of_20,3,123.88663991292317,1.4723137617111206,1.0
20260827,10j_5m_084.fjs,Zero_context_Best_of_20,3,117.41132354736328,1.579140583674113,1.0
20260827,10j_5m_085.fjs,Zero_context_Best_of_20,3,103.6250508626302,1.4725871483484905,1.0
20260827,10j_5m_086.fjs,Zero_context_Best_of_20,3,105.88173929850261,1.4876303672790527,1.0
20260827,10j_5m_087.fjs,Zero_context_Best_of_20,3,116.10298665364583,1.515987793604533,0.6666666666666666
20260827,10j_5m_088.fjs,Zero_context_Best_of_20,3,115.73875935872395,1.612677017847697,1.0
20260827,10j_5m_089.fjs,Zero_context_Best_of_20,3,129.8257598876953,1.5910214185714722,1.0
20260827,10j_5m_090.fjs,Zero_context_Best_of_20,3,96.69724019368489,1.578324834505717,0.6666666666666666
20260827,10j_5m_091.fjs,Zero_context_Best_of_20,3,118.0388895670573,1.4677672386169434,1.0
20260827,10j_5m_092.fjs,Zero_context_Best_of_20,3,100.10025024414062,1.6137467225392659,1.0
20260827,10j_5m_093.fjs,Zero_context_Best_of_20,3,139.0824991861979,1.5692137479782104,0.6666666666666666
20260827,10j_5m_094.fjs,Zero_context_Best_of_20,3,107.03609466552734,1.4549481471379597,1.0
20260827,10j_5m_095.fjs,Zero_context_Best_of_20,3,111.51218668619792,1.627835750579834,1.0
20260827,10j_5m_096.fjs,Zero_context_Best_of_20,3,102.27700297037761,1.6140592098236084,1.0
20260827,10j_5m_097.fjs,Zero_context_Best_of_20,3,121.92088317871094,1.4546291033426921,1.0
20260827,10j_5m_098.fjs,Zero_context_Best_of_20,3,117.66196187337239,1.7264070113499959,0.3333333333333333
20260827,10j_5m_099.fjs,Zero_context_Best_of_20,3,127.37085469563802,1.5823893547058105,1.0
20260827,10j_5m_100.fjs,Zero_context_Best_of_20,3,102.69903055826823,1.524684985478719,1.0
20260825,10j_5m_021.fjs,Static_DRL_greedy,3,121.72769165039062,1.9734692176183064,0.3333333333333333
20260825,10j_5m_022.fjs,Static_DRL_greedy,3,130.83177693684897,2.129207889238993,0.0
20260825,10j_5m_023.fjs,Static_DRL_greedy,3,130.6375986735026,2.968243439992269,0.0
20260825,10j_5m_024.fjs,Static_DRL_greedy,3,97.01556396484375,2.6039648056030273,0.0
20260825,10j_5m_025.fjs,Static_DRL_greedy,3,101.76870218912761,2.058622638384501,0.3333333333333333
20260825,10j_5m_026.fjs,Static_DRL_greedy,3,105.83960723876953,1.8681931098302205,0.3333333333333333
20260825,10j_5m_027.fjs,Static_DRL_greedy,3,114.60302988688152,2.4256869157155356,0.0
20260825,10j_5m_028.fjs,Static_DRL_greedy,3,109.44896952311198,2.529324173927307,0.3333333333333333
20260825,10j_5m_029.fjs,Static_DRL_greedy,3,111.61841074625652,2.2685253620147705,0.0
20260825,10j_5m_030.fjs,Static_DRL_greedy,3,134.60608418782553,2.1430070400238037,0.0
20260825,10j_5m_031.fjs,Static_DRL_greedy,3,129.2174275716146,1.9784563779830933,0.0
20260825,10j_5m_032.fjs,Static_DRL_greedy,3,130.7613093058268,2.627495845158895,0.3333333333333333
20260825,10j_5m_033.fjs,Static_DRL_greedy,3,116.74214426676433,3.138051191965739,0.0
20260825,10j_5m_034.fjs,Static_DRL_greedy,3,117.2593282063802,1.9494932492574055,0.3333333333333333
20260825,10j_5m_035.fjs,Static_DRL_greedy,3,131.91549173990884,1.8772216240564983,0.3333333333333333
20260825,10j_5m_036.fjs,Static_DRL_greedy,3,105.39752960205078,2.5247905254364014,0.0
20260825,10j_5m_037.fjs,Static_DRL_greedy,3,110.52266184488933,2.533961375554403,0.0
20260825,10j_5m_038.fjs,Static_DRL_greedy,3,123.83333333333333,2.4400309721628823,0.0
20260825,10j_5m_039.fjs,Static_DRL_greedy,3,131.26185353597006,2.3659627040227256,0.3333333333333333
20260825,10j_5m_040.fjs,Static_DRL_greedy,3,119.6080322265625,2.8093469937642417,0.0
20260825,10j_5m_041.fjs,Static_DRL_greedy,3,142.9476572672526,1.9781107902526855,0.3333333333333333
20260825,10j_5m_042.fjs,Static_DRL_greedy,3,109.56659698486328,3.0445032914479575,0.0
20260825,10j_5m_043.fjs,Static_DRL_greedy,3,159.12039184570312,1.3226994077364604,0.6666666666666666
20260825,10j_5m_044.fjs,Static_DRL_greedy,3,129.6773478190104,2.1837861140569053,0.3333333333333333
20260825,10j_5m_045.fjs,Static_DRL_greedy,3,121.23704020182292,1.4876127243041992,0.6666666666666666
20260825,10j_5m_046.fjs,Static_DRL_greedy,3,128.092409769694,2.796180526415507,0.3333333333333333
20260825,10j_5m_047.fjs,Static_DRL_greedy,3,120.68954467773438,2.662791609764099,0.0
20260825,10j_5m_048.fjs,Static_DRL_greedy,3,98.81398010253906,2.060481071472168,0.3333333333333333
20260825,10j_5m_049.fjs,Static_DRL_greedy,3,110.52119954427083,2.1516507863998413,0.3333333333333333
20260825,10j_5m_050.fjs,Static_DRL_greedy,3,120.44392395019531,1.947675387064616,0.6666666666666666
20260825,10j_5m_051.fjs,Static_DRL_greedy,3,119.80417378743489,3.2534960905710855,0.0
20260825,10j_5m_052.fjs,Static_DRL_greedy,3,122.6388931274414,2.369484464327494,0.3333333333333333
20260825,10j_5m_053.fjs,Static_DRL_greedy,3,131.92145284016928,2.324002822240194,0.3333333333333333
20260825,10j_5m_054.fjs,Static_DRL_greedy,3,119.83499145507812,1.6565428972244263,0.3333333333333333
20260825,10j_5m_055.fjs,Static_DRL_greedy,3,110.87232208251953,1.946635127067566,0.3333333333333333
20260825,10j_5m_056.fjs,Static_DRL_greedy,3,120.73651377360027,2.31908384958903,0.0
20260825,10j_5m_057.fjs,Static_DRL_greedy,3,118.14845530192058,2.1533982356389365,0.6666666666666666
20260825,10j_5m_058.fjs,Static_DRL_greedy,3,110.560302734375,2.8096878131230674,0.0
20260825,10j_5m_059.fjs,Static_DRL_greedy,3,124.91961415608723,2.3545603354771933,0.0
20260825,10j_5m_060.fjs,Static_DRL_greedy,3,107.77273050944011,2.1544426679611206,0.3333333333333333
20260825,10j_5m_061.fjs,Static_DRL_greedy,3,137.715087890625,2.297700126965841,0.3333333333333333
20260825,10j_5m_062.fjs,Static_DRL_greedy,3,127.8046366373698,1.814916451772054,0.3333333333333333
20260825,10j_5m_063.fjs,Static_DRL_greedy,3,110.64285278320312,1.8583747545878093,0.6666666666666666
20260825,10j_5m_064.fjs,Static_DRL_greedy,3,114.0721664428711,2.287019650141398,0.3333333333333333
20260825,10j_5m_065.fjs,Static_DRL_greedy,3,130.90103149414062,2.7753969033559165,0.0
20260825,10j_5m_066.fjs,Static_DRL_greedy,3,118.83333333333333,2.0829623540242515,0.3333333333333333
20260825,10j_5m_067.fjs,Static_DRL_greedy,3,111.72082265218098,2.7734926541646323,0.0
20260825,10j_5m_068.fjs,Static_DRL_greedy,3,95.47156778971355,2.5452464818954468,0.3333333333333333
20260825,10j_5m_069.fjs,Static_DRL_greedy,3,114.67205810546875,2.6994245052337646,0.0
20260825,10j_5m_070.fjs,Static_DRL_greedy,3,131.50579325358072,2.5416798194249473,0.0
20260825,10j_5m_071.fjs,Static_DRL_greedy,3,135.34869384765625,2.1366641918818154,0.3333333333333333
20260825,10j_5m_072.fjs,Static_DRL_greedy,3,143.3232218424479,2.246904134750366,0.0
20260825,10j_5m_073.fjs,Static_DRL_greedy,3,121.03670247395833,2.225227117538452,0.3333333333333333
20260825,10j_5m_074.fjs,Static_DRL_greedy,3,114.00896708170573,2.5658119519551597,0.0
20260825,10j_5m_075.fjs,Static_DRL_greedy,3,116.42886098225911,2.0957754055658975,0.0
20260825,10j_5m_076.fjs,Static_DRL_greedy,3,126.83333333333333,1.5991900364557903,0.6666666666666666
20260825,10j_5m_077.fjs,Static_DRL_greedy,3,111.30777740478516,2.270897388458252,0.0
20260825,10j_5m_078.fjs,Static_DRL_greedy,3,133.16194915771484,2.674094875653585,0.0
20260825,10j_5m_079.fjs,Static_DRL_greedy,3,132.05550130208334,2.5409719149271646,0.0
20260825,10j_5m_080.fjs,Static_DRL_greedy,3,138.5858154296875,2.733537197113037,0.0
20260825,10j_5m_081.fjs,Static_DRL_greedy,3,127.6981709798177,1.703963279724121,0.6666666666666666
20260825,10j_5m_082.fjs,Static_DRL_greedy,3,126.57071940104167,2.2024717330932617,0.0
20260825,10j_5m_083.fjs,Static_DRL_greedy,3,133.249755859375,3.1731412410736084,0.0
20260825,10j_5m_084.fjs,Static_DRL_greedy,3,143.02112833658853,2.3406686782836914,0.0
20260825,10j_5m_085.fjs,Static_DRL_greedy,3,107.920166015625,2.4115710258483887,0.0
20260825,10j_5m_086.fjs,Static_DRL_greedy,3,111.54950714111328,2.729722817738851,0.0
20260825,10j_5m_087.fjs,Static_DRL_greedy,3,127.00514729817708,3.323266784350077,0.0
20260825,10j_5m_088.fjs,Static_DRL_greedy,3,127.45803833007812,2.882054328918457,0.0
20260825,10j_5m_089.fjs,Static_DRL_greedy,3,139.6337127685547,2.632122039794922,0.0
20260825,10j_5m_090.fjs,Static_DRL_greedy,3,114.02562713623047,2.4070889155069985,0.3333333333333333
20260825,10j_5m_091.fjs,Static_DRL_greedy,3,127.80328114827473,2.3865400155385337,0.0
20260825,10j_5m_092.fjs,Static_DRL_greedy,3,104.71497090657552,2.265296697616577,0.3333333333333333
20260825,10j_5m_093.fjs,Static_DRL_greedy,3,150.65541076660156,2.468031565348307,0.0
20260825,10j_5m_094.fjs,Static_DRL_greedy,3,114.53542836507161,2.158823847770691,0.3333333333333333
20260825,10j_5m_095.fjs,Static_DRL_greedy,3,117.787841796875,3.3377953370412192,0.0
20260825,10j_5m_096.fjs,Static_DRL_greedy,3,122.14617919921875,2.891807039578756,0.0
20260825,10j_5m_097.fjs,Static_DRL_greedy,3,132.72486623128256,3.121642827987671,0.3333333333333333
20260825,10j_5m_098.fjs,Static_DRL_greedy,3,116.52667999267578,2.255752523740133,0.3333333333333333
20260825,10j_5m_099.fjs,Static_DRL_greedy,3,138.7159627278646,3.021437088648478,0.0
20260825,10j_5m_100.fjs,Static_DRL_greedy,3,109.20678202311198,3.4464193979899087,0.3333333333333333
20260826,10j_5m_021.fjs,Static_DRL_greedy,3,131.96073404947916,2.629663070042928,0.0
20260826,10j_5m_022.fjs,Static_DRL_greedy,3,128.79168446858725,2.333036700884501,0.0
20260826,10j_5m_023.fjs,Static_DRL_greedy,3,143.39484151204428,3.4036896228790283,0.0
20260826,10j_5m_024.fjs,Static_DRL_greedy,3,107.83333333333333,2.4617817401885986,0.3333333333333333
20260826,10j_5m_025.fjs,Static_DRL_greedy,3,102.01879628499348,2.14031453927358,0.3333333333333333
20260826,10j_5m_026.fjs,Static_DRL_greedy,3,103.96813201904297,1.906889835993449,0.3333333333333333
20260826,10j_5m_027.fjs,Static_DRL_greedy,3,106.64100392659505,2.393107215563456,0.3333333333333333
20260826,10j_5m_028.fjs,Static_DRL_greedy,3,107.76444753011067,2.2868423064549765,0.3333333333333333
20260826,10j_5m_029.fjs,Static_DRL_greedy,3,111.04674784342448,2.9677474101384482,0.0
20260826,10j_5m_030.fjs,Static_DRL_greedy,3,127.25310770670573,1.880049427350362,0.3333333333333333
20260826,10j_5m_031.fjs,Static_DRL_greedy,3,137.01497395833334,2.6535212198893228,0.0
20260826,10j_5m_032.fjs,Static_DRL_greedy,3,115.00686136881511,2.772299806276957,0.0
20260826,10j_5m_033.fjs,Static_DRL_greedy,3,124.25916035970052,2.6840264002482095,0.0
20260826,10j_5m_034.fjs,Static_DRL_greedy,3,125.5372797648112,1.5688872337341309,0.6666666666666666
20260826,10j_5m_035.fjs,Static_DRL_greedy,3,135.41355895996094,2.2033027013142905,0.0
20260826,10j_5m_036.fjs,Static_DRL_greedy,3,101.57379659016927,2.572162310282389,0.0
20260826,10j_5m_037.fjs,Static_DRL_greedy,3,106.11763509114583,2.3125975529352822,0.0
20260826,10j_5m_038.fjs,Static_DRL_greedy,3,126.43163553873698,2.160693963368734,0.0
20260826,10j_5m_039.fjs,Static_DRL_greedy,3,131.20425415039062,2.2163228591283164,0.3333333333333333
20260826,10j_5m_040.fjs,Static_DRL_greedy,3,136.13898722330728,1.7768992980321248,0.3333333333333333
20260826,10j_5m_041.fjs,Static_DRL_greedy,3,142.26212565104166,2.0869003534317017,0.3333333333333333
20260826,10j_5m_042.fjs,Static_DRL_greedy,3,114.35563659667969,2.1662089824676514,0.3333333333333333
20260826,10j_5m_043.fjs,Static_DRL_greedy,3,133.79732259114584,2.0181498527526855,0.3333333333333333
20260826,10j_5m_044.fjs,Static_DRL_greedy,3,129.72206370035806,1.9491252104441326,0.6666666666666666
20260826,10j_5m_045.fjs,Static_DRL_greedy,3,125.78657786051433,2.222270369529724,0.3333333333333333
20260826,10j_5m_046.fjs,Static_DRL_greedy,3,131.24168904622397,3.0344305435816445,0.3333333333333333
20260826,10j_5m_047.fjs,Static_DRL_greedy,3,126.13403828938802,3.540661096572876,0.0
20260826,10j_5m_048.fjs,Static_DRL_greedy,3,105.94578552246094,1.99122150739034,0.0
20260826,10j_5m_049.fjs,Static_DRL_greedy,3,108.11322530110677,2.007384181022644,0.0
20260826,10j_5m_050.fjs,Static_DRL_greedy,3,125.03142801920573,1.6006615559260051,0.3333333333333333
20260826,10j_5m_051.fjs,Static_DRL_greedy,3,113.34912109375,2.993844747543335,0.3333333333333333
20260826,10j_5m_052.fjs,Static_DRL_greedy,3,125.04970804850261,1.7791480620702107,0.6666666666666666
20260826,10j_5m_053.fjs,Static_DRL_greedy,3,133.16666666666666,1.9064645369847615,0.3333333333333333
20260826,10j_5m_054.fjs,Static_DRL_greedy,3,117.52601369222005,1.7061446905136108,0.3333333333333333
20260826,10j_5m_055.fjs,Static_DRL_greedy,3,123.99488830566406,1.9847160975138347,0.3333333333333333
20260826,10j_5m_056.fjs,Static_DRL_greedy,3,125.41550954182942,2.570852438608805,0.0
20260826,10j_5m_057.fjs,Static_DRL_greedy,3,121.73339335123698,2.751760721206665,0.0
20260826,10j_5m_058.fjs,Static_DRL_greedy,3,115.9052225748698,3.4309099515279136,0.0
20260826,10j_5m_059.fjs,Static_DRL_greedy,3,134.4940388997396,2.422814051310221,0.0
20260826,10j_5m_060.fjs,Static_DRL_greedy,3,103.96273295084636,2.634746233622233,0.0
20260826,10j_5m_061.fjs,Static_DRL_greedy,3,140.5758514404297,2.621982216835022,0.0
20260826,10j_5m_062.fjs,Static_DRL_greedy,3,117.71019744873047,2.68229603767395,0.0
20260826,10j_5m_063.fjs,Static_DRL_greedy,3,103.0912577311198,2.1457145611445108,0.3333333333333333
20260826,10j_5m_064.fjs,Static_DRL_greedy,3,112.817138671875,2.4397517442703247,0.0
20260826,10j_5m_065.fjs,Static_DRL_greedy,3,141.84862263997397,2.4450012842814126,0.3333333333333333
20260826,10j_5m_066.fjs,Static_DRL_greedy,3,115.00962320963542,1.9613292614618938,0.0
20260826,10j_5m_067.fjs,Static_DRL_greedy,3,159.08243815104166,1.565847913424174,0.3333333333333333
20260826,10j_5m_068.fjs,Static_DRL_greedy,3,97.98544820149739,2.383714238802592,0.0
20260826,10j_5m_069.fjs,Static_DRL_greedy,3,123.00991821289062,2.6941214402516684,0.0
20260826,10j_5m_070.fjs,Static_DRL_greedy,3,132.44017537434897,2.7273696263631186,0.0
20260826,10j_5m_071.fjs,Static_DRL_greedy,3,125.00505065917969,2.0503332217534385,0.0
20260826,10j_5m_072.fjs,Static_DRL_greedy,3,126.44170633951823,2.3911552826563516,0.3333333333333333
20260826,10j_5m_073.fjs,Static_DRL_greedy,3,123.45890299479167,2.813948631286621,0.0
20260826,10j_5m_074.fjs,Static_DRL_greedy,3,115.20829264322917,2.5880982875823975,0.0
20260826,10j_5m_075.fjs,Static_DRL_greedy,3,112.98951212565105,2.572344104448954,0.3333333333333333
20260826,10j_5m_076.fjs,Static_DRL_greedy,3,128.82654317220053,1.7718931833902996,0.3333333333333333
20260826,10j_5m_077.fjs,Static_DRL_greedy,3,114.90734100341797,2.48777174949646,0.0
20260826,10j_5m_078.fjs,Static_DRL_greedy,3,131.05350240071616,3.110533118247986,0.0
20260826,10j_5m_079.fjs,Static_DRL_greedy,3,138.64024098714194,2.3672951459884644,0.0
20260826,10j_5m_080.fjs,Static_DRL_greedy,3,133.99861653645834,2.4780362447102866,0.0
20260826,10j_5m_081.fjs,Static_DRL_greedy,3,130.7642033894857,1.9342368443806965,0.6666666666666666
20260826,10j_5m_082.fjs,Static_DRL_greedy,3,117.39845530192058,2.1149300734202066,0.0
20260826,10j_5m_083.fjs,Static_DRL_greedy,3,133.3704833984375,2.548048814137777,0.0
20260826,10j_5m_084.fjs,Static_DRL_greedy,3,130.36551920572916,2.048222621281942,0.3333333333333333
20260826,10j_5m_085.fjs,Static_DRL_greedy,3,114.49724833170573,2.0826913118362427,0.3333333333333333
20260826,10j_5m_086.fjs,Static_DRL_greedy,3,103.11981709798177,2.07204008102417,0.0
20260826,10j_5m_087.fjs,Static_DRL_greedy,3,112.85209401448567,3.834800879160563,0.0
20260826,10j_5m_088.fjs,Static_DRL_greedy,3,120.1074930826823,2.568977872530619,0.6666666666666666
20260826,10j_5m_089.fjs,Static_DRL_greedy,3,190.82728068033853,1.0411259531974792,1.0
20260826,10j_5m_090.fjs,Static_DRL_greedy,3,98.46981302897136,3.307644764582316,0.0
20260826,10j_5m_091.fjs,Static_DRL_greedy,3,125.60257975260417,2.845442533493042,0.0
20260826,10j_5m_092.fjs,Static_DRL_greedy,3,115.25060780843098,2.2048568725585938,0.0
20260826,10j_5m_093.fjs,Static_DRL_greedy,3,148.92510477701822,2.257990042368571,0.0
20260826,10j_5m_094.fjs,Static_DRL_greedy,3,116.32251739501953,2.1486406723658242,0.3333333333333333
20260826,10j_5m_095.fjs,Static_DRL_greedy,3,112.17827860514323,2.8482505480448403,0.0
20260826,10j_5m_096.fjs,Static_DRL_greedy,3,112.46319580078125,2.3868879079818726,0.0
20260826,10j_5m_097.fjs,Static_DRL_greedy,3,142.10879516601562,3.5959601203600564,0.3333333333333333
20260826,10j_5m_098.fjs,Static_DRL_greedy,3,117.92810567220052,2.8766643603642783,0.0
20260826,10j_5m_099.fjs,Static_DRL_greedy,3,130.45470428466797,2.5647769769032798,0.3333333333333333
20260826,10j_5m_100.fjs,Static_DRL_greedy,3,104.20285034179688,4.692383527755737,0.0
20260827,10j_5m_021.fjs,Static_DRL_greedy,3,125.163818359375,2.4862113793691,0.0
20260827,10j_5m_022.fjs,Static_DRL_greedy,3,119.01706441243489,2.2485739390055337,0.0
20260827,10j_5m_023.fjs,Static_DRL_greedy,3,132.5367889404297,2.6821577151616416,0.0
20260827,10j_5m_024.fjs,Static_DRL_greedy,3,109.96265411376953,2.3874642054239907,0.0
20260827,10j_5m_025.fjs,Static_DRL_greedy,3,103.34454345703125,2.3181498845418296,0.3333333333333333
20260827,10j_5m_026.fjs,Static_DRL_greedy,3,112.5,2.221609274546305,0.3333333333333333
20260827,10j_5m_027.fjs,Static_DRL_greedy,3,122.4690170288086,3.5392661094665527,0.0
20260827,10j_5m_028.fjs,Static_DRL_greedy,3,105.59613037109375,2.2397597233454385,0.3333333333333333
20260827,10j_5m_029.fjs,Static_DRL_greedy,3,119.5865707397461,1.9519346555074055,0.3333333333333333
20260827,10j_5m_030.fjs,Static_DRL_greedy,3,123.39487711588542,2.066392421722412,0.6666666666666666
20260827,10j_5m_031.fjs,Static_DRL_greedy,3,131.1846669514974,2.0796873966852822,0.0
20260827,10j_5m_032.fjs,Static_DRL_greedy,3,124.62443033854167,4.186953624089559,0.0
20260827,10j_5m_033.fjs,Static_DRL_greedy,3,126.05665842692058,2.2695069313049316,0.3333333333333333
20260827,10j_5m_034.fjs,Static_DRL_greedy,3,148.455322265625,1.4429190158843994,1.0
20260827,10j_5m_035.fjs,Static_DRL_greedy,3,129.9765828450521,1.9868947267532349,0.3333333333333333
20260827,10j_5m_036.fjs,Static_DRL_greedy,3,94.40325419108073,2.36380926767985,0.0
20260827,10j_5m_037.fjs,Static_DRL_greedy,3,118.8843485514323,1.8066409826278687,0.0
20260827,10j_5m_038.fjs,Static_DRL_greedy,3,126.37459818522136,2.359678308169047,0.3333333333333333
20260827,10j_5m_039.fjs,Static_DRL_greedy,3,151.41709899902344,1.6489287217458088,0.3333333333333333
20260827,10j_5m_040.fjs,Static_DRL_greedy,3,115.92523193359375,2.2068588733673096,0.0
20260827,10j_5m_041.fjs,Static_DRL_greedy,3,127.78191630045573,2.2059818108876548,0.3333333333333333
20260827,10j_5m_042.fjs,Static_DRL_greedy,3,119.83333333333333,1.9803849061330159,0.0
20260827,10j_5m_043.fjs,Static_DRL_greedy,3,127.15800476074219,2.1578847567240396,0.3333333333333333
20260827,10j_5m_044.fjs,Static_DRL_greedy,3,134.80375162760416,2.381944219271342,0.0
20260827,10j_5m_045.fjs,Static_DRL_greedy,3,120.16666666666667,2.017484267552694,0.3333333333333333
20260827,10j_5m_046.fjs,Static_DRL_greedy,3,127.60249328613281,2.6713172992070517,0.0
20260827,10j_5m_047.fjs,Static_DRL_greedy,3,122.07224527994792,3.8476192951202393,0.0
20260827,10j_5m_048.fjs,Static_DRL_greedy,3,117.6005121866862,2.0632389783859253,0.3333333333333333
20260827,10j_5m_049.fjs,Static_DRL_greedy,3,107.21918233235677,2.243791381518046,0.0
20260827,10j_5m_050.fjs,Static_DRL_greedy,3,125.14269256591797,1.4386978944142659,0.6666666666666666
20260827,10j_5m_051.fjs,Static_DRL_greedy,3,117.96941630045573,3.1206538677215576,0.3333333333333333
20260827,10j_5m_052.fjs,Static_DRL_greedy,3,122.18807220458984,2.720257600148519,0.0
20260827,10j_5m_053.fjs,Static_DRL_greedy,3,128.59293111165366,1.8268232941627502,0.3333333333333333
20260827,10j_5m_054.fjs,Static_DRL_greedy,3,115.31428527832031,2.0314621130625405,0.3333333333333333
20260827,10j_5m_055.fjs,Static_DRL_greedy,3,114.59286499023438,1.825588544209798,0.3333333333333333
20260827,10j_5m_056.fjs,Static_DRL_greedy,3,138.77655029296875,1.5909748872121174,0.6666666666666666
20260827,10j_5m_057.fjs,Static_DRL_greedy,3,113.07379659016927,2.2264010508855185,0.0
20260827,10j_5m_058.fjs,Static_DRL_greedy,3,103.47584025065105,2.442695697148641,0.3333333333333333
20260827,10j_5m_059.fjs,Static_DRL_greedy,3,130.93476359049478,2.756725549697876,0.0
20260827,10j_5m_060.fjs,Static_DRL_greedy,3,103.62054697672527,2.4219297965367637,0.0
20260827,10j_5m_061.fjs,Static_DRL_greedy,3,146.58659871419272,2.4642908175786338,0.3333333333333333
20260827,10j_5m_062.fjs,Static_DRL_greedy,3,131.49165852864584,1.789368708928426,0.3333333333333333
20260827,10j_5m_063.fjs,Static_DRL_greedy,3,105.9356460571289,1.8093805313110352,0.3333333333333333
20260827,10j_5m_064.fjs,Static_DRL_greedy,3,133.72918192545572,2.46311354637146,0.0
20260827,10j_5m_065.fjs,Static_DRL_greedy,3,138.36778767903647,3.0368570486704507,0.0
20260827,10j_5m_066.fjs,Static_DRL_greedy,3,125.19744618733723,1.8906395832697551,0.3333333333333333
20260827,10j_5m_067.fjs,Static_DRL_greedy,3,114.25277709960938,2.219309687614441,0.3333333333333333
20260827,10j_5m_068.fjs,Static_DRL_greedy,3,145.79159037272134,1.6984041531880696,0.3333333333333333
20260827,10j_5m_069.fjs,Static_DRL_greedy,3,132.0723114013672,2.135861396789551,0.3333333333333333
20260827,10j_5m_070.fjs,Static_DRL_greedy,3,131.17220052083334,2.8287962277730307,0.3333333333333333
20260827,10j_5m_071.fjs,Static_DRL_greedy,3,128.88190714518228,1.761323094367981,0.6666666666666666
20260827,10j_5m_072.fjs,Static_DRL_greedy,3,124.09642028808594,3.160645325978597,0.0
20260827,10j_5m_073.fjs,Static_DRL_greedy,3,120.64234924316406,2.0257591803868613,0.3333333333333333
20260827,10j_5m_074.fjs,Static_DRL_greedy,3,114.60906473795573,2.237734834353129,0.0
20260827,10j_5m_075.fjs,Static_DRL_greedy,3,115.37985229492188,2.6459409395853677,0.0
20260827,10j_5m_076.fjs,Static_DRL_greedy,3,134.93852742513022,1.8781977494557698,0.3333333333333333
20260827,10j_5m_077.fjs,Static_DRL_greedy,3,115.69967905680339,2.380016247431437,0.0
20260827,10j_5m_078.fjs,Static_DRL_greedy,3,128.52269999186197,2.3651477893193564,0.3333333333333333
20260827,10j_5m_079.fjs,Static_DRL_greedy,3,170.73823038736978,2.1413079102834067,0.0
20260827,10j_5m_080.fjs,Static_DRL_greedy,3,133.331787109375,2.7015035152435303,0.0
20260827,10j_5m_081.fjs,Static_DRL_greedy,3,128.64542388916016,2.614944656689962,0.0
20260827,10j_5m_082.fjs,Static_DRL_greedy,3,120.91556294759114,2.110756834348043,0.0
20260827,10j_5m_083.fjs,Static_DRL_greedy,3,129.6388168334961,2.937321345011393,0.0
20260827,10j_5m_084.fjs,Static_DRL_greedy,3,132.77500915527344,1.9066410859425862,0.3333333333333333
20260827,10j_5m_085.fjs,Static_DRL_greedy,3,110.36774190266927,2.240053335825602,0.0
20260827,10j_5m_086.fjs,Static_DRL_greedy,3,118.21990203857422,2.462230642636617,0.0
20260827,10j_5m_087.fjs,Static_DRL_greedy,3,117.75655110677083,4.077274401982625,0.0
20260827,10j_5m_088.fjs,Static_DRL_greedy,3,122.5839335123698,2.8682816425959268,0.3333333333333333
20260827,10j_5m_089.fjs,Static_DRL_greedy,3,143.50850423177084,2.0465966860453286,0.3333333333333333
20260827,10j_5m_090.fjs,Static_DRL_greedy,3,95.77157084147136,2.531904856363932,0.0
20260827,10j_5m_091.fjs,Static_DRL_greedy,3,123.35543314615886,2.5656587282816568,0.0
20260827,10j_5m_092.fjs,Static_DRL_greedy,3,110.01239776611328,2.420645515124003,0.3333333333333333
20260827,10j_5m_093.fjs,Static_DRL_greedy,3,145.41583251953125,1.860518256823222,0.3333333333333333
20260827,10j_5m_094.fjs,Static_DRL_greedy,3,126.0501200358073,2.55481485525767,0.0
20260827,10j_5m_095.fjs,Static_DRL_greedy,3,113.28376770019531,3.4133387406667075,0.0
20260827,10j_5m_096.fjs,Static_DRL_greedy,3,100.53515879313152,2.5153901179631553,0.0
20260827,10j_5m_097.fjs,Static_DRL_greedy,3,134.92088317871094,3.2066340843836465,0.0
20260827,10j_5m_098.fjs,Static_DRL_greedy,3,119.42073059082031,2.769485076268514,0.0
20260827,10j_5m_099.fjs,Static_DRL_greedy,3,130.90929667154947,2.682530641555786,0.0
20260827,10j_5m_100.fjs,Static_DRL_greedy,3,106.45656331380208,3.491561849912008,0.3333333333333333
20260825,10j_5m_021.fjs,FIFO,1,121.17172241210938,2.664820432662964,0.0
20260825,10j_5m_022.fjs,FIFO,1,140.5,2.854459047317505,0.0
20260825,10j_5m_023.fjs,FIFO,1,133.38235473632812,4.085210800170898,0.0
20260825,10j_5m_024.fjs,FIFO,1,115.40612030029297,3.960278034210205,0.0
20260825,10j_5m_025.fjs,FIFO,1,98.82730102539062,3.3614814281463623,0.0
20260825,10j_5m_026.fjs,FIFO,1,122.7364501953125,3.103501081466675,0.0
20260825,10j_5m_027.fjs,FIFO,1,139.5,4.083277702331543,0.0
20260825,10j_5m_028.fjs,FIFO,1,116.0,4.04040002822876,0.0
20260825,10j_5m_029.fjs,FIFO,1,118.5,3.199059247970581,0.0
20260825,10j_5m_030.fjs,FIFO,1,116.66912078857422,2.344198703765869,0.0
20260825,10j_5m_031.fjs,FIFO,1,145.16184997558594,4.857553005218506,0.0
20260825,10j_5m_032.fjs,FIFO,1,134.5,3.904872179031372,0.0
20260825,10j_5m_033.fjs,FIFO,1,117.797607421875,4.376651763916016,0.0
20260825,10j_5m_034.fjs,FIFO,1,140.973876953125,4.393250942230225,0.0
20260825,10j_5m_035.fjs,FIFO,1,159.2488250732422,4.122793197631836,0.0
20260825,10j_5m_036.fjs,FIFO,1,125.52595520019531,3.702611207962036,0.0
20260825,10j_5m_037.fjs,FIFO,1,124.91030883789062,4.482560157775879,0.0
20260825,10j_5m_038.fjs,FIFO,1,126.48997497558594,3.1114861965179443,0.0
20260825,10j_5m_039.fjs,FIFO,1,148.5,2.92822265625,0.0
20260825,10j_5m_040.fjs,FIFO,1,133.5,4.242096900939941,0.0
20260825,10j_5m_041.fjs,FIFO,1,151.94155883789062,3.3086581230163574,0.0
20260825,10j_5m_042.fjs,FIFO,1,132.544677734375,5.100446701049805,0.0
20260825,10j_5m_043.fjs,FIFO,1,168.36117553710938,2.3611114025115967,0.0
20260825,10j_5m_044.fjs,FIFO,1,142.6743621826172,3.728344678878784,0.0
20260825,10j_5m_045.fjs,FIFO,1,129.71112060546875,3.1584231853485107,0.0
20260825,10j_5m_046.fjs,FIFO,1,165.086669921875,3.854776382446289,0.0
20260825,10j_5m_047.fjs,FIFO,1,124.00897979736328,2.751244306564331,0.0
20260825,10j_5m_048.fjs,FIFO,1,125.53627014160156,2.890728712081909,0.0
20260825,10j_5m_049.fjs,FIFO,1,118.53179931640625,2.9937214851379395,0.0
20260825,10j_5m_050.fjs,FIFO,1,145.4925994873047,2.979132890701294,0.0
20260825,10j_5m_051.fjs,FIFO,1,122.65192413330078,3.449220657348633,0.0
20260825,10j_5m_052.fjs,FIFO,1,137.8173828125,4.499528408050537,0.0
20260825,10j_5m_053.fjs,FIFO,1,146.52865600585938,3.524341106414795,0.0
20260825,10j_5m_054.fjs,FIFO,1,114.18443298339844,2.8818132877349854,0.0
20260825,10j_5m_055.fjs,FIFO,1,134.09133911132812,2.9037787914276123,0.0
20260825,10j_5m_056.fjs,FIFO,1,140.48570251464844,3.192770004272461,0.0
20260825,10j_5m_057.fjs,FIFO,1,118.69346618652344,3.361910820007324,0.0
20260825,10j_5m_058.fjs,FIFO,1,125.5,5.140365123748779,0.0
20260825,10j_5m_059.fjs,FIFO,1,160.5540771484375,3.29166316986084,0.0
20260825,10j_5m_060.fjs,FIFO,1,113.17662048339844,3.6555585861206055,0.0
20260825,10j_5m_061.fjs,FIFO,1,153.5,3.705173969268799,0.0
20260825,10j_5m_062.fjs,FIFO,1,136.51649475097656,3.005436658859253,0.0
20260825,10j_5m_063.fjs,FIFO,1,123.1390151977539,2.415454387664795,0.0
20260825,10j_5m_064.fjs,FIFO,1,121.5,3.277024507522583,0.0
20260825,10j_5m_065.fjs,FIFO,1,140.31842041015625,4.650810718536377,0.0
20260825,10j_5m_066.fjs,FIFO,1,135.5,3.557288408279419,0.0
20260825,10j_5m_067.fjs,FIFO,1,133.6597900390625,3.758404016494751,0.0
20260825,10j_5m_068.fjs,FIFO,1,100.11251831054688,3.606849193572998,0.0
20260825,10j_5m_069.fjs,FIFO,1,149.67205810546875,3.310875177383423,0.0
20260825,10j_5m_070.fjs,FIFO,1,136.0189208984375,3.677335262298584,0.0
20260825,10j_5m_071.fjs,FIFO,1,136.08828735351562,3.807114601135254,0.0
20260825,10j_5m_072.fjs,FIFO,1,166.65655517578125,3.6810758113861084,0.0
20260825,10j_5m_073.fjs,FIFO,1,130.75677490234375,3.3578572273254395,0.0
20260825,10j_5m_074.fjs,FIFO,1,115.55699157714844,3.9883475303649902,0.0
20260825,10j_5m_075.fjs,FIFO,1,124.99163055419922,4.79734992980957,0.0
20260825,10j_5m_076.fjs,FIFO,1,143.70162963867188,3.2053122520446777,0.0
20260825,10j_5m_077.fjs,FIFO,1,114.0636215209961,3.7229502201080322,0.0
20260825,10j_5m_078.fjs,FIFO,1,128.5,3.4542317390441895,0.0
20260825,10j_5m_079.fjs,FIFO,1,150.63150024414062,4.493752956390381,0.0
20260825,10j_5m_080.fjs,FIFO,1,154.71437072753906,3.4239072799682617,0.0
20260825,10j_5m_081.fjs,FIFO,1,127.04725646972656,3.139432668685913,0.0
20260825,10j_5m_082.fjs,FIFO,1,134.5,5.148723602294922,0.0
20260825,10j_5m_083.fjs,FIFO,1,157.64071655273438,3.595695972442627,0.0
20260825,10j_5m_084.fjs,FIFO,1,126.50498962402344,3.325465202331543,0.0
20260825,10j_5m_085.fjs,FIFO,1,115.31578826904297,4.093657970428467,0.0
20260825,10j_5m_086.fjs,FIFO,1,118.50415802001953,3.969597339630127,0.0
20260825,10j_5m_087.fjs,FIFO,1,140.31265258789062,4.60361909866333,0.0
20260825,10j_5m_088.fjs,FIFO,1,137.52401733398438,4.567000865936279,0.0
20260825,10j_5m_089.fjs,FIFO,1,140.6337127685547,2.8626363277435303,0.0
20260825,10j_5m_090.fjs,FIFO,1,113.83431243896484,2.7009904384613037,0.0
20260825,10j_5m_091.fjs,FIFO,1,135.50537109375,4.44498872756958,0.0
20260825,10j_5m_092.fjs,FIFO,1,116.86320495605469,5.334028244018555,0.0
20260825,10j_5m_093.fjs,FIFO,1,165.4662322998047,2.9186413288116455,0.0
20260825,10j_5m_094.fjs,FIFO,1,122.73160552978516,3.759903907775879,0.0
20260825,10j_5m_095.fjs,FIFO,1,134.787841796875,4.161433696746826,0.0
20260825,10j_5m_096.fjs,FIFO,1,129.35638427734375,3.5828795433044434,0.0
20260825,10j_5m_097.fjs,FIFO,1,153.16314697265625,4.6081438064575195,0.0
20260825,10j_5m_098.fjs,FIFO,1,114.49263000488281,5.257256984710693,0.0
20260825,10j_5m_099.fjs,FIFO,1,158.26145935058594,5.221458435058594,0.0
20260825,10j_5m_100.fjs,FIFO,1,118.07550048828125,5.323702335357666,0.0
20260826,10j_5m_021.fjs,FIFO,1,124.69243621826172,3.6031618118286133,0.0
20260826,10j_5m_022.fjs,FIFO,1,139.09423828125,3.443073034286499,0.0
20260826,10j_5m_023.fjs,FIFO,1,139.5,3.2619893550872803,0.0
20260826,10j_5m_024.fjs,FIFO,1,119.5,3.947089910507202,0.0
20260826,10j_5m_025.fjs,FIFO,1,102.95619201660156,4.0155134201049805,0.0
20260826,10j_5m_026.fjs,FIFO,1,111.66461944580078,2.749537706375122,0.0
20260826,10j_5m_027.fjs,FIFO,1,127.57234191894531,3.857753038406372,0.0
20260826,10j_5m_028.fjs,FIFO,1,124.53348541259766,3.9610440731048584,0.0
20260826,10j_5m_029.fjs,FIFO,1,121.38008117675781,3.788813591003418,0.0
20260826,10j_5m_030.fjs,FIFO,1,163.54818725585938,3.2393431663513184,0.0
20260826,10j_5m_031.fjs,FIFO,1,130.5,5.212198734283447,0.0
20260826,10j_5m_032.fjs,FIFO,1,127.5,4.683068752288818,0.0
20260826,10j_5m_033.fjs,FIFO,1,122.24269104003906,4.38649845123291,0.0
20260826,10j_5m_034.fjs,FIFO,1,125.0578842163086,3.2297871112823486,0.0
20260826,10j_5m_035.fjs,FIFO,1,142.68814086914062,2.8130898475646973,0.0
20260826,10j_5m_036.fjs,FIFO,1,116.6106948852539,4.000226020812988,0.0
20260826,10j_5m_037.fjs,FIFO,1,128.5,5.107420444488525,0.0
20260826,10j_5m_038.fjs,FIFO,1,125.3187255859375,3.105288028717041,0.0
20260826,10j_5m_039.fjs,FIFO,1,171.45132446289062,3.806197166442871,0.0
20260826,10j_5m_040.fjs,FIFO,1,136.96612548828125,2.386937379837036,0.0
20260826,10j_5m_041.fjs,FIFO,1,154.71371459960938,3.3917577266693115,0.0
20260826,10j_5m_042.fjs,FIFO,1,149.8220672607422,3.0215659141540527,0.0
20260826,10j_5m_043.fjs,FIFO,1,159.2948455810547,3.4136147499084473,0.0
20260826,10j_5m_044.fjs,FIFO,1,132.5,3.1814534664154053,0.0
20260826,10j_5m_045.fjs,FIFO,1,154.51068115234375,3.1786434650421143,0.0
20260826,10j_5m_046.fjs,FIFO,1,155.0,4.286500453948975,0.0
20260826,10j_5m_047.fjs,FIFO,1,129.61875915527344,2.815699338912964,0.0
20260826,10j_5m_048.fjs,FIFO,1,144.771240234375,3.2325327396392822,0.0
20260826,10j_5m_049.fjs,FIFO,1,123.5,3.3403890132904053,0.0
20260826,10j_5m_050.fjs,FIFO,1,158.11398315429688,3.104323387145996,0.0
20260826,10j_5m_051.fjs,FIFO,1,122.5,2.74123215675354,0.0
20260826,10j_5m_052.fjs,FIFO,1,141.46255493164062,3.356477975845337,0.0
20260826,10j_5m_053.fjs,FIFO,1,140.15481567382812,4.112048625946045,0.0
20260826,10j_5m_054.fjs,FIFO,1,122.07978057861328,2.89341402053833,0.0
20260826,10j_5m_055.fjs,FIFO,1,120.99488830566406,2.7743895053863525,0.0
20260826,10j_5m_056.fjs,FIFO,1,141.01516723632812,3.8712120056152344,0.0
20260826,10j_5m_057.fjs,FIFO,1,119.30511474609375,3.6086697578430176,0.0
20260826,10j_5m_058.fjs,FIFO,1,125.5,5.554605960845947,0.0
20260826,10j_5m_059.fjs,FIFO,1,149.59263610839844,4.288414001464844,0.0
20260826,10j_5m_060.fjs,FIFO,1,115.50750732421875,3.335838556289673,0.0
20260826,10j_5m_061.fjs,FIFO,1,158.5,4.048344135284424,0.0
20260826,10j_5m_062.fjs,FIFO,1,136.0,3.3374717235565186,0.0
20260826,10j_5m_063.fjs,FIFO,1,113.72803497314453,2.671596050262451,0.0
20260826,10j_5m_064.fjs,FIFO,1,119.83369445800781,4.456578254699707,0.0
20260826,10j_5m_065.fjs,FIFO,1,140.5,4.388679504394531,0.0
20260826,10j_5m_066.fjs,FIFO,1,133.68148803710938,5.084088325500488,0.0
20260826,10j_5m_067.fjs,FIFO,1,156.56362915039062,1.5755468606948853,1.0
20260826,10j_5m_068.fjs,FIFO,1,127.24708557128906,3.264176607131958,0.0
20260826,10j_5m_069.fjs,FIFO,1,143.00991821289062,3.0648252964019775,0.0
20260826,10j_5m_070.fjs,FIFO,1,138.5882110595703,4.442221641540527,0.0
20260826,10j_5m_071.fjs,FIFO,1,140.97439575195312,4.437464237213135,0.0
20260826,10j_5m_072.fjs,FIFO,1,158.77503967285156,5.769917011260986,0.0
20260826,10j_5m_073.fjs,FIFO,1,128.4383544921875,4.158177375793457,0.0
20260826,10j_5m_074.fjs,FIFO,1,117.5416259765625,4.199895858764648,0.0
20260826,10j_5m_075.fjs,FIFO,1,124.06079864501953,4.098670482635498,0.0
20260826,10j_5m_076.fjs,FIFO,1,139.6938934326172,3.6155762672424316,0.0
20260826,10j_5m_077.fjs,FIFO,1,116.57775115966797,3.083956241607666,0.0
20260826,10j_5m_078.fjs,FIFO,1,137.06813049316406,3.7091100215911865,0.0
20260826,10j_5m_079.fjs,FIFO,1,149.63771057128906,4.368068695068359,0.0
20260826,10j_5m_080.fjs,FIFO,1,152.65274047851562,3.2167818546295166,0.0
20260826,10j_5m_081.fjs,FIFO,1,139.5162353515625,4.475819110870361,0.0
20260826,10j_5m_082.fjs,FIFO,1,159.00082397460938,7.40731143951416,0.0
20260826,10j_5m_083.fjs,FIFO,1,149.46786499023438,3.502995014190674,0.0
20260826,10j_5m_084.fjs,FIFO,1,134.95118713378906,2.902353525161743,0.0
20260826,10j_5m_085.fjs,FIFO,1,119.13421630859375,3.3225159645080566,0.0
20260826,10j_5m_086.fjs,FIFO,1,118.69182586669922,4.395944595336914,0.0
20260826,10j_5m_087.fjs,FIFO,1,151.19644165039062,5.663513660430908,0.0
20260826,10j_5m_088.fjs,FIFO,1,127.74356079101562,5.683669567108154,0.0
20260826,10j_5m_089.fjs,FIFO,1,185.44906616210938,1.4842256307601929,1.0
20260826,10j_5m_090.fjs,FIFO,1,107.76318359375,3.6131529808044434,0.0
20260826,10j_5m_091.fjs,FIFO,1,150.81832885742188,4.345722198486328,0.0
20260826,10j_5m_092.fjs,FIFO,1,119.19441986083984,4.877569675445557,0.0
20260826,10j_5m_093.fjs,FIFO,1,156.58502197265625,3.8634660243988037,0.0
20260826,10j_5m_094.fjs,FIFO,1,114.30059814453125,4.38323450088501,0.0
20260826,10j_5m_095.fjs,FIFO,1,128.21859741210938,4.975657939910889,0.0
20260826,10j_5m_096.fjs,FIFO,1,129.784423828125,4.023040294647217,0.0
20260826,10j_5m_097.fjs,FIFO,1,138.595458984375,3.360042095184326,0.0
20260826,10j_5m_098.fjs,FIFO,1,115.21646118164062,5.874458312988281,0.0
20260826,10j_5m_099.fjs,FIFO,1,141.54940795898438,3.9710805416107178,0.0
20260826,10j_5m_100.fjs,FIFO,1,140.5,5.072683811187744,0.0
20260827,10j_5m_021.fjs,FIFO,1,125.91414642333984,3.585369348526001,0.0
20260827,10j_5m_022.fjs,FIFO,1,141.0511932373047,3.882007122039795,0.0
20260827,10j_5m_023.fjs,FIFO,1,147.88140869140625,3.0611956119537354,0.0
20260827,10j_5m_024.fjs,FIFO,1,111.06983184814453,2.7932989597320557,0.0
20260827,10j_5m_025.fjs,FIFO,1,112.17266845703125,3.524643898010254,0.0
20260827,10j_5m_026.fjs,FIFO,1,120.99691009521484,3.0140109062194824,0.0
20260827,10j_5m_027.fjs,FIFO,1,129.78424072265625,3.5412158966064453,0.0
20260827,10j_5m_028.fjs,FIFO,1,128.14419555664062,4.538556098937988,0.0
20260827,10j_5m_029.fjs,FIFO,1,116.88196563720703,2.2319271564483643,0.0
20260827,10j_5m_030.fjs,FIFO,1,127.09349822998047,2.515827178955078,0.0
20260827,10j_5m_031.fjs,FIFO,1,136.30638122558594,3.4107208251953125,0.0
20260827,10j_5m_032.fjs,FIFO,1,127.20104217529297,5.685593128204346,0.0
20260827,10j_5m_033.fjs,FIFO,1,129.96914672851562,2.7046241760253906,0.0
20260827,10j_5m_034.fjs,FIFO,1,146.86314392089844,1.657598614692688,1.0
20260827,10j_5m_035.fjs,FIFO,1,141.64324951171875,4.0509796142578125,0.0
20260827,10j_5m_036.fjs,FIFO,1,111.5,2.9870615005493164,0.0
20260827,10j_5m_037.fjs,FIFO,1,142.5,3.6959221363067627,0.0
20260827,10j_5m_038.fjs,FIFO,1,131.22288513183594,3.3236403465270996,0.0
20260827,10j_5m_039.fjs,FIFO,1,171.614501953125,2.254896640777588,0.0
20260827,10j_5m_040.fjs,FIFO,1,137.40573120117188,3.085008382797241,0.0
20260827,10j_5m_041.fjs,FIFO,1,159.959716796875,4.287885665893555,0.0
20260827,10j_5m_042.fjs,FIFO,1,152.5,4.185674667358398,0.0
20260827,10j_5m_043.fjs,FIFO,1,145.98248291015625,3.0922977924346924,0.0
20260827,10j_5m_044.fjs,FIFO,1,133.21502685546875,2.509553909301758,0.0
20260827,10j_5m_045.fjs,FIFO,1,155.5,3.194883346557617,0.0
20260827,10j_5m_046.fjs,FIFO,1,151.0,3.7691164016723633,0.0
20260827,10j_5m_047.fjs,FIFO,1,119.9455795288086,2.7322497367858887,0.0
20260827,10j_5m_048.fjs,FIFO,1,123.0,2.781726837158203,0.0
20260827,10j_5m_049.fjs,FIFO,1,121.5,4.20768928527832,0.0
20260827,10j_5m_050.fjs,FIFO,1,161.43179321289062,2.450467824935913,0.0
20260827,10j_5m_051.fjs,FIFO,1,118.03346252441406,4.327007293701172,0.0
20260827,10j_5m_052.fjs,FIFO,1,127.05799865722656,4.485098361968994,0.0
20260827,10j_5m_053.fjs,FIFO,1,160.5,4.119805335998535,0.0
20260827,10j_5m_054.fjs,FIFO,1,121.029052734375,2.942150831222534,0.0
20260827,10j_5m_055.fjs,FIFO,1,151.0,2.9509809017181396,0.0
20260827,10j_5m_056.fjs,FIFO,1,155.5,2.7858829498291016,0.0
20260827,10j_5m_057.fjs,FIFO,1,116.5,3.60703706741333,0.0
20260827,10j_5m_058.fjs,FIFO,1,125.5,5.580178260803223,0.0
20260827,10j_5m_059.fjs,FIFO,1,147.39907836914062,5.110663414001465,0.0
20260827,10j_5m_060.fjs,FIFO,1,115.10322570800781,4.401357173919678,0.0
20260827,10j_5m_061.fjs,FIFO,1,166.73739624023438,3.523392915725708,0.0
20260827,10j_5m_062.fjs,FIFO,1,136.5,2.826401472091675,0.0
20260827,10j_5m_063.fjs,FIFO,1,115.58468627929688,1.941252589225769,0.0
20260827,10j_5m_064.fjs,FIFO,1,115.48764038085938,3.5499188899993896,0.0
20260827,10j_5m_065.fjs,FIFO,1,159.5,4.693081855773926,0.0
20260827,10j_5m_066.fjs,FIFO,1,133.07778930664062,3.129331588745117,0.0
20260827,10j_5m_067.fjs,FIFO,1,134.8626251220703,2.40604567527771,0.0
20260827,10j_5m_068.fjs,FIFO,1,129.58535766601562,1.5106149911880493,1.0
20260827,10j_5m_069.fjs,FIFO,1,153.5,3.705258369445801,0.0
20260827,10j_5m_070.fjs,FIFO,1,132.42138671875,4.309098243713379,0.0
20260827,10j_5m_071.fjs,FIFO,1,141.07286071777344,4.409359931945801,0.0
20260827,10j_5m_072.fjs,FIFO,1,158.76309204101562,5.706264495849609,0.0
20260827,10j_5m_073.fjs,FIFO,1,126.51921081542969,3.9106388092041016,0.0
20260827,10j_5m_074.fjs,FIFO,1,126.89726257324219,4.4388275146484375,0.0
20260827,10j_5m_075.fjs,FIFO,1,131.91543579101562,3.1013920307159424,0.0
20260827,10j_5m_076.fjs,FIFO,1,135.27488708496094,3.774040460586548,0.0
20260827,10j_5m_077.fjs,FIFO,1,114.90959167480469,3.960611581802368,0.0
20260827,10j_5m_078.fjs,FIFO,1,132.5425262451172,3.782470703125,0.0
20260827,10j_5m_079.fjs,FIFO,1,168.1965789794922,3.018409252166748,0.0
20260827,10j_5m_080.fjs,FIFO,1,151.85215759277344,3.909852981567383,0.0
20260827,10j_5m_081.fjs,FIFO,1,124.5,3.8680150508880615,0.0
20260827,10j_5m_082.fjs,FIFO,1,139.11203002929688,5.4482197761535645,0.0
20260827,10j_5m_083.fjs,FIFO,1,177.44277954101562,4.354472637176514,0.0
20260827,10j_5m_084.fjs,FIFO,1,134.5,2.805396318435669,0.0
20260827,10j_5m_085.fjs,FIFO,1,126.96220397949219,4.300244331359863,0.0
20260827,10j_5m_086.fjs,FIFO,1,122.21507263183594,3.8998911380767822,0.0
20260827,10j_5m_087.fjs,FIFO,1,123.5,2.953972101211548,0.0
20260827,10j_5m_088.fjs,FIFO,1,145.71627807617188,4.536025047302246,0.0
20260827,10j_5m_089.fjs,FIFO,1,153.1751708984375,2.733788251876831,0.0
20260827,10j_5m_090.fjs,FIFO,1,127.10490417480469,3.5005486011505127,0.0
20260827,10j_5m_091.fjs,FIFO,1,157.12002563476562,3.8260905742645264,0.0
20260827,10j_5m_092.fjs,FIFO,1,130.56246948242188,4.88964319229126,0.0
20260827,10j_5m_093.fjs,FIFO,1,169.69964599609375,3.9949791431427,0.0
20260827,10j_5m_094.fjs,FIFO,1,126.79777526855469,4.144527435302734,0.0
20260827,10j_5m_095.fjs,FIFO,1,127.99298095703125,5.178001880645752,0.0
20260827,10j_5m_096.fjs,FIFO,1,129.85321044921875,6.445444583892822,0.0
20260827,10j_5m_097.fjs,FIFO,1,140.51756286621094,2.8461294174194336,0.0
20260827,10j_5m_098.fjs,FIFO,1,121.12557983398438,4.191208839416504,0.0
20260827,10j_5m_099.fjs,FIFO,1,149.11256408691406,3.4127485752105713,0.0
20260827,10j_5m_100.fjs,FIFO,1,121.93484497070312,3.969963788986206,0.0
20260825,10j_5m_021.fjs,SPT,1,138.5,3.2897539138793945,0.0
20260825,10j_5m_022.fjs,SPT,1,159.5,2.4575648307800293,0.0
20260825,10j_5m_023.fjs,SPT,1,151.55250549316406,3.6737546920776367,0.0
20260825,10j_5m_024.fjs,SPT,1,110.45953369140625,2.6694653034210205,0.0
20260825,10j_5m_025.fjs,SPT,1,111.83071899414062,3.6675987243652344,0.0
20260825,10j_5m_026.fjs,SPT,1,123.84711456298828,2.285996913909912,0.0
20260825,10j_5m_027.fjs,SPT,1,115.1636734008789,3.939345598220825,0.0
20260825,10j_5m_028.fjs,SPT,1,116.34690856933594,4.177263259887695,0.0
20260825,10j_5m_029.fjs,SPT,1,136.53561401367188,2.612713575363159,0.0
20260825,10j_5m_030.fjs,SPT,1,123.8212890625,2.4524857997894287,0.0
20260825,10j_5m_031.fjs,SPT,1,154.5,3.159471273422241,0.0
20260825,10j_5m_032.fjs,SPT,1,144.50733947753906,3.1035966873168945,0.0
20260825,10j_5m_033.fjs,SPT,1,135.71156311035156,3.6977245807647705,0.0
20260825,10j_5m_034.fjs,SPT,1,135.6391143798828,4.017541408538818,0.0
20260825,10j_5m_035.fjs,SPT,1,145.5,3.447715997695923,0.0
20260825,10j_5m_036.fjs,SPT,1,107.52595520019531,3.2169997692108154,0.0
20260825,10j_5m_037.fjs,SPT,1,120.91030883789062,3.848426342010498,0.0
20260825,10j_5m_038.fjs,SPT,1,114.955810546875,3.0482194423675537,0.0
20260825,10j_5m_039.fjs,SPT,1,165.5,2.879094123840332,0.0
20260825,10j_5m_040.fjs,SPT,1,131.20022583007812,2.5596134662628174,0.0
20260825,10j_5m_041.fjs,SPT,1,138.5,2.4449386596679688,0.0
20260825,10j_5m_042.fjs,SPT,1,133.10455322265625,3.8854856491088867,0.0
20260825,10j_5m_043.fjs,SPT,1,165.61106872558594,2.3350608348846436,0.0
20260825,10j_5m_044.fjs,SPT,1,146.89979553222656,3.524397134780884,0.0
20260825,10j_5m_045.fjs,SPT,1,149.5,2.3563435077667236,0.0
20260825,10j_5m_046.fjs,SPT,1,148.5,2.941565752029419,0.0
20260825,10j_5m_047.fjs,SPT,1,142.8145751953125,3.0637214183807373,0.0
20260825,10j_5m_048.fjs,SPT,1,101.5715103149414,1.6581671237945557,1.0
20260825,10j_5m_049.fjs,SPT,1,103.53179931640625,3.024900197982788,0.0
20260825,10j_5m_050.fjs,SPT,1,138.5,2.6485564708709717,0.0
20260825,10j_5m_051.fjs,SPT,1,117.84712219238281,2.662492036819458,0.0
20260825,10j_5m_052.fjs,SPT,1,124.88098907470703,2.285829782485962,0.0
20260825,10j_5m_053.fjs,SPT,1,150.5,2.357797145843506,0.0
20260825,10j_5m_054.fjs,SPT,1,123.42418670654297,2.6607139110565186,0.0
20260825,10j_5m_055.fjs,SPT,1,119.58309936523438,2.149019241333008,0.0
20260825,10j_5m_056.fjs,SPT,1,131.10400390625,2.297994613647461,0.0
20260825,10j_5m_057.fjs,SPT,1,126.74669647216797,3.0718345642089844,0.0
20260825,10j_5m_058.fjs,SPT,1,116.8375244140625,4.3240532875061035,0.0
20260825,10j_5m_059.fjs,SPT,1,128.5,2.4372286796569824,0.0
20260825,10j_5m_060.fjs,SPT,1,103.66548919677734,2.5155394077301025,0.0
20260825,10j_5m_061.fjs,SPT,1,158.20095825195312,3.875851631164551,0.0
20260825,10j_5m_062.fjs,SPT,1,124.39741516113281,3.6240615844726562,0.0
20260825,10j_5m_063.fjs,SPT,1,104.1390151977539,1.7561826705932617,0.0
20260825,10j_5m_064.fjs,SPT,1,110.5,2.709622859954834,0.0
20260825,10j_5m_065.fjs,SPT,1,135.70309448242188,5.144958972930908,0.0
20260825,10j_5m_066.fjs,SPT,1,137.6371307373047,2.727787733078003,0.0
20260825,10j_5m_067.fjs,SPT,1,116.70250701904297,3.0370705127716064,0.0
20260825,10j_5m_068.fjs,SPT,1,125.55220031738281,1.9031267166137695,0.0
20260825,10j_5m_069.fjs,SPT,1,128.5,3.521359443664551,0.0
20260825,10j_5m_070.fjs,SPT,1,141.43772888183594,3.8196897506713867,0.0
20260825,10j_5m_071.fjs,SPT,1,149.08828735351562,4.416957855224609,0.0
20260825,10j_5m_072.fjs,SPT,1,172.65655517578125,2.8638670444488525,0.0
20260825,10j_5m_073.fjs,SPT,1,142.36090087890625,2.9219748973846436,0.0
20260825,10j_5m_074.fjs,SPT,1,114.23495483398438,2.9434003829956055,0.0
20260825,10j_5m_075.fjs,SPT,1,110.50357818603516,3.1183812618255615,0.0
20260825,10j_5m_076.fjs,SPT,1,171.5,3.487098217010498,0.0
20260825,10j_5m_077.fjs,SPT,1,123.00775909423828,3.72184419631958,0.0
20260825,10j_5m_078.fjs,SPT,1,122.90111541748047,2.700758457183838,0.0
20260825,10j_5m_079.fjs,SPT,1,139.63150024414062,3.3411006927490234,0.0
20260825,10j_5m_080.fjs,SPT,1,136.7574462890625,1.9082998037338257,0.0
20260825,10j_5m_081.fjs,SPT,1,123.5,1.7018873691558838,0.0
20260825,10j_5m_082.fjs,SPT,1,119.84707641601562,2.1732399463653564,0.0
20260825,10j_5m_083.fjs,SPT,1,133.0542755126953,3.603675603866577,0.0
20260825,10j_5m_084.fjs,SPT,1,173.50498962402344,2.1790475845336914,0.0
20260825,10j_5m_085.fjs,SPT,1,112.5,2.822092056274414,0.0
20260825,10j_5m_086.fjs,SPT,1,133.76214599609375,5.349112033843994,0.0
20260825,10j_5m_087.fjs,SPT,1,117.74490356445312,3.2372496128082275,0.0
20260825,10j_5m_088.fjs,SPT,1,131.5,2.606905221939087,0.0
20260825,10j_5m_089.fjs,SPT,1,175.44357299804688,2.7480409145355225,0.0
20260825,10j_5m_090.fjs,SPT,1,107.5,1.9013742208480835,0.0
20260825,10j_5m_091.fjs,SPT,1,133.50537109375,3.194532632827759,0.0
20260825,10j_5m_092.fjs,SPT,1,106.71305847167969,3.7330739498138428,0.0
20260825,10j_5m_093.fjs,SPT,1,164.4662322998047,4.501101016998291,0.0
20260825,10j_5m_094.fjs,SPT,1,132.5,2.408123731613159,0.0
20260825,10j_5m_095.fjs,SPT,1,123.5,3.1621296405792236,0.0
20260825,10j_5m_096.fjs,SPT,1,118.49613952636719,2.351210355758667,0.0
20260825,10j_5m_097.fjs,SPT,1,185.16314697265625,4.376851558685303,0.0
20260825,10j_5m_098.fjs,SPT,1,124.99729919433594,3.029839277267456,0.0
20260825,10j_5m_099.fjs,SPT,1,133.26145935058594,2.552985906600952,0.0
20260825,10j_5m_100.fjs,SPT,1,124.07550048828125,2.346280097961426,0.0
20260826,10j_5m_021.fjs,SPT,1,119.75816345214844,2.930429697036743,0.0
20260826,10j_5m_022.fjs,SPT,1,139.5,2.5817995071411133,0.0
20260826,10j_5m_023.fjs,SPT,1,136.5,3.667839288711548,0.0
20260826,10j_5m_024.fjs,SPT,1,107.5,2.516296625137329,0.0
20260826,10j_5m_025.fjs,SPT,1,104.05638885498047,2.917473077774048,0.0
20260826,10j_5m_026.fjs,SPT,1,107.75425720214844,1.9893745183944702,0.0
20260826,10j_5m_027.fjs,SPT,1,105.59307861328125,2.9156076908111572,0.0
20260826,10j_5m_028.fjs,SPT,1,118.87992858886719,4.079887866973877,0.0
20260826,10j_5m_029.fjs,SPT,1,120.52080535888672,3.8069345951080322,0.0
20260826,10j_5m_030.fjs,SPT,1,125.6001968383789,2.562769889831543,0.0
20260826,10j_5m_031.fjs,SPT,1,136.6916961669922,3.4335405826568604,0.0
20260826,10j_5m_032.fjs,SPT,1,124.0564193725586,2.9577083587646484,0.0
20260826,10j_5m_033.fjs,SPT,1,120.0,2.7546958923339844,0.0
20260826,10j_5m_034.fjs,SPT,1,139.62417602539062,2.9532368183135986,0.0
20260826,10j_5m_035.fjs,SPT,1,148.2321319580078,1.6160331964492798,1.0
20260826,10j_5m_036.fjs,SPT,1,109.6106948852539,4.272040367126465,0.0
20260826,10j_5m_037.fjs,SPT,1,120.5,3.2600362300872803,0.0
20260826,10j_5m_038.fjs,SPT,1,132.49234008789062,2.8601436614990234,0.0
20260826,10j_5m_039.fjs,SPT,1,144.45132446289062,2.725398063659668,0.0
20260826,10j_5m_040.fjs,SPT,1,135.89219665527344,1.4376336336135864,1.0
20260826,10j_5m_041.fjs,SPT,1,144.16445922851562,2.2901320457458496,0.0
20260826,10j_5m_042.fjs,SPT,1,129.8220672607422,3.833991765975952,0.0
20260826,10j_5m_043.fjs,SPT,1,139.47694396972656,1.882163166999817,0.0
20260826,10j_5m_044.fjs,SPT,1,140.5,3.1866273880004883,0.0
20260826,10j_5m_045.fjs,SPT,1,139.51068115234375,3.8077616691589355,0.0
20260826,10j_5m_046.fjs,SPT,1,145.5,3.7096688747406006,0.0
20260826,10j_5m_047.fjs,SPT,1,124.16459655761719,2.681577682495117,0.0
20260826,10j_5m_048.fjs,SPT,1,118.12052154541016,1.8157678842544556,0.0
20260826,10j_5m_049.fjs,SPT,1,114.0,1.8492977619171143,0.0
20260826,10j_5m_050.fjs,SPT,1,154.2556610107422,2.4930691719055176,0.0
20260826,10j_5m_051.fjs,SPT,1,123.5,2.17220401763916,0.0
20260826,10j_5m_052.fjs,SPT,1,138.8634796142578,2.558925151824951,0.0
20260826,10j_5m_053.fjs,SPT,1,129.5,3.518223285675049,0.0
20260826,10j_5m_054.fjs,SPT,1,116.5,1.9622509479522705,0.0
20260826,10j_5m_055.fjs,SPT,1,111.99488830566406,1.6932036876678467,1.0
20260826,10j_5m_056.fjs,SPT,1,121.32813262939453,3.097163677215576,0.0
20260826,10j_5m_057.fjs,SPT,1,125.06239318847656,2.4137508869171143,0.0
20260826,10j_5m_058.fjs,SPT,1,112.39872741699219,3.4059665203094482,0.0
20260826,10j_5m_059.fjs,SPT,1,130.02883911132812,3.4463210105895996,0.0
20260826,10j_5m_060.fjs,SPT,1,121.64598083496094,2.8848166465759277,0.0
20260826,10j_5m_061.fjs,SPT,1,157.6190185546875,3.8257100582122803,0.0
20260826,10j_5m_062.fjs,SPT,1,138.0,2.9532625675201416,0.0
20260826,10j_5m_063.fjs,SPT,1,110.5,2.0561368465423584,0.0
20260826,10j_5m_064.fjs,SPT,1,143.10205078125,3.860776424407959,0.0
20260826,10j_5m_065.fjs,SPT,1,145.55059814453125,3.7484443187713623,0.0
20260826,10j_5m_066.fjs,SPT,1,139.02886962890625,2.519467830657959,0.0
20260826,10j_5m_067.fjs,SPT,1,165.63946533203125,1.7789943218231201,0.0
20260826,10j_5m_068.fjs,SPT,1,112.52205657958984,2.2884724140167236,0.0
20260826,10j_5m_069.fjs,SPT,1,130.70065307617188,3.417922258377075,0.0
20260826,10j_5m_070.fjs,SPT,1,158.17710876464844,3.7585599422454834,0.0
20260826,10j_5m_071.fjs,SPT,1,132.5,4.099846839904785,0.0
20260826,10j_5m_072.fjs,SPT,1,144.77503967285156,2.8688175678253174,0.0
20260826,10j_5m_073.fjs,SPT,1,137.4383544921875,3.3909714221954346,0.0
20260826,10j_5m_074.fjs,SPT,1,117.5,3.1013033390045166,0.0
20260826,10j_5m_075.fjs,SPT,1,116.0342788696289,3.5346298217773438,0.0
20260826,10j_5m_076.fjs,SPT,1,155.75830078125,3.2684693336486816,0.0
20260826,10j_5m_077.fjs,SPT,1,142.5,3.6103971004486084,0.0
20260826,10j_5m_078.fjs,SPT,1,124.5,2.617218017578125,0.0
20260826,10j_5m_079.fjs,SPT,1,149.63771057128906,3.159224033355713,0.0
20260826,10j_5m_080.fjs,SPT,1,165.6761016845703,2.3195507526397705,0.0
20260826,10j_5m_081.fjs,SPT,1,138.0,2.058328628540039,0.0
20260826,10j_5m_082.fjs,SPT,1,124.00914001464844,3.2405078411102295,0.0
20260826,10j_5m_083.fjs,SPT,1,135.7871551513672,3.807543992996216,0.0
20260826,10j_5m_084.fjs,SPT,1,157.3737335205078,2.865291118621826,0.0
20260826,10j_5m_085.fjs,SPT,1,110.85752868652344,2.2996675968170166,0.0
20260826,10j_5m_086.fjs,SPT,1,111.83340454101562,2.836132049560547,0.0
20260826,10j_5m_087.fjs,SPT,1,148.19644165039062,7.105396270751953,0.0
20260826,10j_5m_088.fjs,SPT,1,149.78945922851562,3.560558795928955,0.0
20260826,10j_5m_089.fjs,SPT,1,185.44906616210938,1.4026609659194946,1.0
20260826,10j_5m_090.fjs,SPT,1,92.76318359375,3.414804458618164,0.0
20260826,10j_5m_091.fjs,SPT,1,126.81832885742188,3.204895257949829,0.0
20260826,10j_5m_092.fjs,SPT,1,121.0,4.042445182800293,0.0
20260826,10j_5m_093.fjs,SPT,1,158.58502197265625,4.3881120681762695,0.0
20260826,10j_5m_094.fjs,SPT,1,133.84632873535156,3.0756218433380127,0.0
20260826,10j_5m_095.fjs,SPT,1,124.72270202636719,3.1565515995025635,0.0
20260826,10j_5m_096.fjs,SPT,1,114.51476287841797,2.4509029388427734,0.0
20260826,10j_5m_097.fjs,SPT,1,176.595458984375,4.700448036193848,0.0
20260826,10j_5m_098.fjs,SPT,1,129.21646118164062,4.400919437408447,0.0
20260826,10j_5m_099.fjs,SPT,1,132.54940795898438,2.1272411346435547,0.0
20260826,10j_5m_100.fjs,SPT,1,106.55427551269531,2.622732400894165,0.0
20260827,10j_5m_021.fjs,SPT,1,124.70890808105469,3.02774715423584,0.0
20260827,10j_5m_022.fjs,SPT,1,139.0511932373047,2.26094651222229,0.0
20260827,10j_5m_023.fjs,SPT,1,139.5,3.3800771236419678,0.0
20260827,10j_5m_024.fjs,SPT,1,112.50314331054688,2.3484199047088623,0.0
20260827,10j_5m_025.fjs,SPT,1,101.5,2.7636559009552,0.0
20260827,10j_5m_026.fjs,SPT,1,118.84880065917969,2.018630266189575,0.0
20260827,10j_5m_027.fjs,SPT,1,111.05865478515625,3.1702845096588135,0.0
20260827,10j_5m_028.fjs,SPT,1,102.49744415283203,3.611527919769287,0.0
20260827,10j_5m_029.fjs,SPT,1,123.93887329101562,2.139946699142456,0.0
20260827,10j_5m_030.fjs,SPT,1,131.093505859375,2.2251930236816406,0.0
20260827,10j_5m_031.fjs,SPT,1,139.30638122558594,2.088512659072876,0.0
20260827,10j_5m_032.fjs,SPT,1,118.91148376464844,3.0791728496551514,0.0
20260827,10j_5m_033.fjs,SPT,1,131.72189331054688,2.4275546073913574,0.0
20260827,10j_5m_034.fjs,SPT,1,146.98748779296875,1.3149019479751587,1.0
20260827,10j_5m_035.fjs,SPT,1,161.5,2.9289536476135254,0.0
20260827,10j_5m_036.fjs,SPT,1,114.5,3.4646120071411133,0.0
20260827,10j_5m_037.fjs,SPT,1,123.07652282714844,2.5057871341705322,0.0
20260827,10j_5m_038.fjs,SPT,1,117.22288513183594,3.4543750286102295,0.0
20260827,10j_5m_039.fjs,SPT,1,146.0222930908203,1.7990037202835083,0.0
20260827,10j_5m_040.fjs,SPT,1,128.1975860595703,2.162177324295044,0.0
20260827,10j_5m_041.fjs,SPT,1,146.40943908691406,3.618739128112793,0.0
20260827,10j_5m_042.fjs,SPT,1,133.5,4.24379825592041,0.0
20260827,10j_5m_043.fjs,SPT,1,132.44564819335938,2.829158306121826,0.0
20260827,10j_5m_044.fjs,SPT,1,145.21502685546875,1.9787074327468872,0.0
20260827,10j_5m_045.fjs,SPT,1,142.5,3.5144708156585693,0.0
20260827,10j_5m_046.fjs,SPT,1,145.5,4.155940055847168,0.0
20260827,10j_5m_047.fjs,SPT,1,132.0,3.8054206371307373,0.0
20260827,10j_5m_048.fjs,SPT,1,122.0,1.797974944114685,0.0
20260827,10j_5m_049.fjs,SPT,1,107.41769409179688,2.4891390800476074,0.0
20260827,10j_5m_050.fjs,SPT,1,140.00645446777344,1.6977137327194214,1.0
20260827,10j_5m_051.fjs,SPT,1,120.93739318847656,2.949967622756958,0.0
20260827,10j_5m_052.fjs,SPT,1,122.05799865722656,3.0753138065338135,0.0
20260827,10j_5m_053.fjs,SPT,1,138.07919311523438,2.215022563934326,0.0
20260827,10j_5m_054.fjs,SPT,1,111.77410125732422,1.5454823970794678,1.0
20260827,10j_5m_055.fjs,SPT,1,110.0,2.172008991241455,0.0
20260827,10j_5m_056.fjs,SPT,1,148.2356719970703,1.3728220462799072,1.0
20260827,10j_5m_057.fjs,SPT,1,112.5,2.053992509841919,0.0
20260827,10j_5m_058.fjs,SPT,1,121.5,3.9421660900115967,0.0
20260827,10j_5m_059.fjs,SPT,1,139.0,2.371427536010742,0.0
20260827,10j_5m_060.fjs,SPT,1,118.56989288330078,3.4413487911224365,0.0
20260827,10j_5m_061.fjs,SPT,1,159.5,3.8519649505615234,0.0
20260827,10j_5m_062.fjs,SPT,1,132.5,3.016432523727417,0.0
20260827,10j_5m_063.fjs,SPT,1,99.17034912109375,1.5549927949905396,1.0
20260827,10j_5m_064.fjs,SPT,1,124.06251525878906,3.254328966140747,0.0
20260827,10j_5m_065.fjs,SPT,1,140.5,3.7543060779571533,0.0
20260827,10j_5m_066.fjs,SPT,1,126.88550567626953,3.2432754039764404,0.0
20260827,10j_5m_067.fjs,SPT,1,118.231689453125,2.0365383625030518,0.0
20260827,10j_5m_068.fjs,SPT,1,154.42884826660156,2.464750051498413,0.0
20260827,10j_5m_069.fjs,SPT,1,133.2810516357422,2.9008777141571045,0.0
20260827,10j_5m_070.fjs,SPT,1,148.71490478515625,3.6481974124908447,0.0
20260827,10j_5m_071.fjs,SPT,1,129.86627197265625,3.78499174118042,0.0
20260827,10j_5m_072.fjs,SPT,1,145.76309204101562,3.2243826389312744,0.0
20260827,10j_5m_073.fjs,SPT,1,131.5,3.278233289718628,0.0
20260827,10j_5m_074.fjs,SPT,1,111.4649658203125,3.674355983734131,0.0
20260827,10j_5m_075.fjs,SPT,1,111.8187484741211,3.2295305728912354,0.0
20260827,10j_5m_076.fjs,SPT,1,184.5,3.931854248046875,0.0
20260827,10j_5m_077.fjs,SPT,1,121.66177368164062,4.852217674255371,0.0
20260827,10j_5m_078.fjs,SPT,1,127.54252624511719,2.838775873184204,0.0
20260827,10j_5m_079.fjs,SPT,1,165.56976318359375,2.5585713386535645,0.0
20260827,10j_5m_080.fjs,SPT,1,160.46298217773438,1.908862590789795,0.0
20260827,10j_5m_081.fjs,SPT,1,127.05027770996094,2.1879796981811523,0.0
20260827,10j_5m_082.fjs,SPT,1,126.27044677734375,2.209796667098999,0.0
20260827,10j_5m_083.fjs,SPT,1,133.6656494140625,3.209038496017456,0.0
20260827,10j_5m_084.fjs,SPT,1,138.24647521972656,2.4359052181243896,0.0
20260827,10j_5m_085.fjs,SPT,1,113.95074462890625,3.204143524169922,0.0
20260827,10j_5m_086.fjs,SPT,1,119.92345428466797,3.773423433303833,0.0
20260827,10j_5m_087.fjs,SPT,1,122.7696533203125,4.265851020812988,0.0
20260827,10j_5m_088.fjs,SPT,1,117.71627807617188,3.027020215988159,0.0
20260827,10j_5m_089.fjs,SPT,1,155.6998291015625,3.872006893157959,0.0
20260827,10j_5m_090.fjs,SPT,1,101.60701751708984,3.5272762775421143,0.0
20260827,10j_5m_091.fjs,SPT,1,150.5712890625,3.562364339828491,0.0
20260827,10j_5m_092.fjs,SPT,1,123.0,3.3695898056030273,0.0
20260827,10j_5m_093.fjs,SPT,1,152.69964599609375,3.4401462078094482,0.0
20260827,10j_5m_094.fjs,SPT,1,121.45867156982422,2.3886282444000244,0.0
20260827,10j_5m_095.fjs,SPT,1,135.77178955078125,3.5841643810272217,0.0
20260827,10j_5m_096.fjs,SPT,1,114.42149353027344,2.766169548034668,0.0
20260827,10j_5m_097.fjs,SPT,1,124.51756286621094,2.4405617713928223,0.0
20260827,10j_5m_098.fjs,SPT,1,119.40188598632812,2.8836886882781982,0.0
20260827,10j_5m_099.fjs,SPT,1,131.5,1.9588146209716797,0.0
20260827,10j_5m_100.fjs,SPT,1,118.93484497070312,2.4456334114074707,0.0
20260825,10j_5m_021.fjs,MWKR,1,121.17172241210938,2.592217206954956,0.0
20260825,10j_5m_022.fjs,MWKR,1,126.49533081054688,2.0767335891723633,0.0
20260825,10j_5m_023.fjs,MWKR,1,126.03660583496094,1.4666664600372314,1.0
20260825,10j_5m_024.fjs,MWKR,1,97.39436340332031,3.1011762619018555,0.0
20260825,10j_5m_025.fjs,MWKR,1,108.5,3.3936944007873535,0.0
20260825,10j_5m_026.fjs,MWKR,1,101.7364501953125,2.469125509262085,0.0
20260825,10j_5m_027.fjs,MWKR,1,110.5,4.5485663414001465,0.0
20260825,10j_5m_028.fjs,MWKR,1,103.5,4.008315086364746,0.0
20260825,10j_5m_029.fjs,MWKR,1,102.77757263183594,2.6005218029022217,0.0
20260825,10j_5m_030.fjs,MWKR,1,120.27275085449219,2.3300132751464844,0.0
20260825,10j_5m_031.fjs,MWKR,1,128.81338500976562,2.4510762691497803,0.0
20260825,10j_5m_032.fjs,MWKR,1,123.39196014404297,2.6062281131744385,0.0
20260825,10j_5m_033.fjs,MWKR,1,114.797607421875,2.8094370365142822,0.0
20260825,10j_5m_034.fjs,MWKR,1,112.13436889648438,2.3149783611297607,0.0
20260825,10j_5m_035.fjs,MWKR,1,121.24882507324219,3.3254077434539795,0.0
20260825,10j_5m_036.fjs,MWKR,1,87.14067840576172,2.9982402324676514,0.0
20260825,10j_5m_037.fjs,MWKR,1,109.80841064453125,3.226332902908325,0.0
20260825,10j_5m_038.fjs,MWKR,1,116.5,2.1794707775115967,0.0
20260825,10j_5m_039.fjs,MWKR,1,128.5,2.036729097366333,0.0
20260825,10j_5m_040.fjs,MWKR,1,109.5,2.6957714557647705,0.0
20260825,10j_5m_041.fjs,MWKR,1,142.94155883789062,2.6041557788848877,0.0
20260825,10j_5m_042.fjs,MWKR,1,110.54468536376953,2.9861416816711426,0.0
20260825,10j_5m_043.fjs,MWKR,1,158.79393005371094,1.5031089782714844,1.0
20260825,10j_5m_044.fjs,MWKR,1,120.89979553222656,3.870145559310913,0.0
20260825,10j_5m_045.fjs,MWKR,1,116.71112060546875,2.2029378414154053,0.0
20260825,10j_5m_046.fjs,MWKR,1,130.8240966796875,3.7662882804870605,0.0
20260825,10j_5m_047.fjs,MWKR,1,120.00897979736328,2.8519976139068604,0.0
20260825,10j_5m_048.fjs,MWKR,1,97.59832000732422,2.024664878845215,0.0
20260825,10j_5m_049.fjs,MWKR,1,114.53179931640625,2.1480588912963867,0.0
20260825,10j_5m_050.fjs,MWKR,1,124.5,2.6727046966552734,0.0
20260825,10j_5m_051.fjs,MWKR,1,111.67488098144531,3.7918550968170166,0.0
20260825,10j_5m_052.fjs,MWKR,1,113.88098907470703,2.2955408096313477,0.0
20260825,10j_5m_053.fjs,MWKR,1,123.93783569335938,2.0345048904418945,0.0
20260825,10j_5m_054.fjs,MWKR,1,117.5,1.7449830770492554,0.0
20260825,10j_5m_055.fjs,MWKR,1,132.5,2.9637622833251953,0.0
20260825,10j_5m_056.fjs,MWKR,1,115.10401153564453,3.0203258991241455,0.0
20260825,10j_5m_057.fjs,MWKR,1,114.69346618652344,2.4300103187561035,0.0
20260825,10j_5m_058.fjs,MWKR,1,109.8375244140625,4.720573902130127,0.0
20260825,10j_5m_059.fjs,MWKR,1,122.5,2.2665719985961914,0.0
20260825,10j_5m_060.fjs,MWKR,1,103.9866943359375,2.753706693649292,0.0
20260825,10j_5m_061.fjs,MWKR,1,124.85323333740234,2.829590320587158,0.0
20260825,10j_5m_062.fjs,MWKR,1,134.3974151611328,1.817528247833252,0.0
20260825,10j_5m_063.fjs,MWKR,1,108.4736557006836,2.0627241134643555,0.0
20260825,10j_5m_064.fjs,MWKR,1,117.5,2.4935944080352783,0.0
20260825,10j_5m_065.fjs,MWKR,1,136.5,2.961287260055542,0.0
20260825,10j_5m_066.fjs,MWKR,1,108.52112579345703,2.2840781211853027,0.0
20260825,10j_5m_067.fjs,MWKR,1,111.77972412109375,2.6004457473754883,0.0
20260825,10j_5m_068.fjs,MWKR,1,94.6422119140625,4.769072532653809,0.0
20260825,10j_5m_069.fjs,MWKR,1,119.5,3.760120391845703,0.0
20260825,10j_5m_070.fjs,MWKR,1,125.99042510986328,4.278835773468018,0.0
20260825,10j_5m_071.fjs,MWKR,1,125.0687484741211,2.0685646533966064,0.0
20260825,10j_5m_072.fjs,MWKR,1,134.65655517578125,1.7502166032791138,0.0
20260825,10j_5m_073.fjs,MWKR,1,121.91963195800781,2.662065029144287,0.0
20260825,10j_5m_074.fjs,MWKR,1,108.45416259765625,3.983142375946045,0.0
20260825,10j_5m_075.fjs,MWKR,1,108.56120300292969,3.195382833480835,0.0
20260825,10j_5m_076.fjs,MWKR,1,120.70162963867188,2.6377451419830322,0.0
20260825,10j_5m_077.fjs,MWKR,1,120.0636215209961,3.0581064224243164,0.0
20260825,10j_5m_078.fjs,MWKR,1,128.08473205566406,3.5677108764648438,0.0
20260825,10j_5m_079.fjs,MWKR,1,126.55175018310547,3.7780985832214355,0.0
20260825,10j_5m_080.fjs,MWKR,1,124.5,2.58955979347229,0.0
20260825,10j_5m_081.fjs,MWKR,1,116.15335845947266,1.7496281862258911,0.0
20260825,10j_5m_082.fjs,MWKR,1,126.712158203125,4.050909519195557,0.0
20260825,10j_5m_083.fjs,MWKR,1,124.97431945800781,2.1295597553253174,0.0
20260825,10j_5m_084.fjs,MWKR,1,130.50498962402344,2.250551700592041,0.0
20260825,10j_5m_085.fjs,MWKR,1,104.5,2.9119629859924316,0.0
20260825,10j_5m_086.fjs,MWKR,1,99.76213836669922,2.4978365898132324,0.0
20260825,10j_5m_087.fjs,MWKR,1,119.07904052734375,3.593127727508545,0.0
20260825,10j_5m_088.fjs,MWKR,1,113.5,3.674983024597168,0.0
20260825,10j_5m_089.fjs,MWKR,1,136.6337127685547,3.5975894927978516,0.0
20260825,10j_5m_090.fjs,MWKR,1,104.0768814086914,2.4212372303009033,0.0
20260825,10j_5m_091.fjs,MWKR,1,129.50537109375,3.0530972480773926,0.0
20260825,10j_5m_092.fjs,MWKR,1,98.75127410888672,2.6190192699432373,0.0
20260825,10j_5m_093.fjs,MWKR,1,131.38613891601562,2.249290943145752,0.0
20260825,10j_5m_094.fjs,MWKR,1,105.5,2.488645315170288,0.0
20260825,10j_5m_095.fjs,MWKR,1,109.5,3.1961326599121094,0.0
20260825,10j_5m_096.fjs,MWKR,1,115.35639190673828,2.090625286102295,0.0
20260825,10j_5m_097.fjs,MWKR,1,113.16315460205078,1.9672703742980957,0.0
20260825,10j_5m_098.fjs,MWKR,1,118.64836120605469,3.6264150142669678,0.0
20260825,10j_5m_099.fjs,MWKR,1,134.21566772460938,1.991461992263794,0.0
20260825,10j_5m_100.fjs,MWKR,1,109.08014678955078,2.2638425827026367,0.0
20260826,10j_5m_021.fjs,MWKR,1,116.78458404541016,2.9845402240753174,0.0
20260826,10j_5m_022.fjs,MWKR,1,119.5,2.8228445053100586,0.0
20260826,10j_5m_023.fjs,MWKR,1,139.5,2.0270113945007324,0.0
20260826,10j_5m_024.fjs,MWKR,1,101.81788635253906,2.692532539367676,0.0
20260826,10j_5m_025.fjs,MWKR,1,108.5,3.5928144454956055,0.0
20260826,10j_5m_026.fjs,MWKR,1,101.48551940917969,2.5846996307373047,0.0
20260826,10j_5m_027.fjs,MWKR,1,105.23709106445312,6.4005584716796875,0.0
20260826,10j_5m_028.fjs,MWKR,1,99.53348541259766,3.6348371505737305,0.0
20260826,10j_5m_029.fjs,MWKR,1,107.38008117675781,2.439161777496338,0.0
20260826,10j_5m_030.fjs,MWKR,1,119.54818725585938,1.9101837873458862,0.0
20260826,10j_5m_031.fjs,MWKR,1,127.24421691894531,2.7019882202148438,0.0
20260826,10j_5m_032.fjs,MWKR,1,107.5,3.2891881465911865,0.0
20260826,10j_5m_033.fjs,MWKR,1,113.93096923828125,2.942124366760254,0.0
20260826,10j_5m_034.fjs,MWKR,1,127.62417602539062,1.9188232421875,0.0
20260826,10j_5m_035.fjs,MWKR,1,121.06330108642578,1.7971669435501099,0.0
20260826,10j_5m_036.fjs,MWKR,1,99.5,1.7515748739242554,0.0
20260826,10j_5m_037.fjs,MWKR,1,105.16494750976562,2.605687141418457,0.0
20260826,10j_5m_038.fjs,MWKR,1,124.49234008789062,2.724172353744507,0.0
20260826,10j_5m_039.fjs,MWKR,1,130.73040771484375,2.7185282707214355,0.0
20260826,10j_5m_040.fjs,MWKR,1,130.5,1.7071571350097656,0.0
20260826,10j_5m_041.fjs,MWKR,1,143.5,2.455239772796631,0.0
20260826,10j_5m_042.fjs,MWKR,1,108.32099914550781,3.177778482437134,0.0
20260826,10j_5m_043.fjs,MWKR,1,142.85018920898438,2.540182113647461,0.0
20260826,10j_5m_044.fjs,MWKR,1,113.5,3.872699499130249,0.0
20260826,10j_5m_045.fjs,MWKR,1,116.51068115234375,2.4993908405303955,0.0
20260826,10j_5m_046.fjs,MWKR,1,126.0,4.366063117980957,0.0
20260826,10j_5m_047.fjs,MWKR,1,127.61875915527344,3.074977159500122,0.0
20260826,10j_5m_048.fjs,MWKR,1,113.83558654785156,2.024911880493164,0.0
20260826,10j_5m_049.fjs,MWKR,1,103.63225555419922,2.030715227127075,0.0
20260826,10j_5m_050.fjs,MWKR,1,128.6660919189453,2.479207992553711,0.0
20260826,10j_5m_051.fjs,MWKR,1,110.98127746582031,2.7470552921295166,0.0
20260826,10j_5m_052.fjs,MWKR,1,121.26173400878906,1.7745232582092285,0.0
20260826,10j_5m_053.fjs,MWKR,1,122.5,2.202235698699951,0.0
20260826,10j_5m_054.fjs,MWKR,1,110.45558166503906,1.5885010957717896,1.0
20260826,10j_5m_055.fjs,MWKR,1,127.99488830566406,2.553514242172241,0.0
20260826,10j_5m_056.fjs,MWKR,1,110.67830657958984,2.5481536388397217,0.0
20260826,10j_5m_057.fjs,MWKR,1,119.83267211914062,4.093123912811279,0.0
20260826,10j_5m_058.fjs,MWKR,1,108.76701354980469,4.770103454589844,0.0
20260826,10j_5m_059.fjs,MWKR,1,117.4244384765625,3.2405338287353516,0.0
20260826,10j_5m_060.fjs,MWKR,1,101.10597229003906,2.903745651245117,0.0
20260826,10j_5m_061.fjs,MWKR,1,126.5,4.145054340362549,0.0
20260826,10j_5m_062.fjs,MWKR,1,125.44947814941406,3.426894187927246,0.0
20260826,10j_5m_063.fjs,MWKR,1,100.51531982421875,2.6481659412384033,0.0
20260826,10j_5m_064.fjs,MWKR,1,105.83369445800781,2.6929843425750732,0.0
20260826,10j_5m_065.fjs,MWKR,1,128.02293395996094,3.971085786819458,0.0
20260826,10j_5m_066.fjs,MWKR,1,109.02886962890625,2.8043575286865234,0.0
20260826,10j_5m_067.fjs,MWKR,1,155.56362915039062,1.3942556381225586,1.0
20260826,10j_5m_068.fjs,MWKR,1,110.95611572265625,4.519839286804199,0.0
20260826,10j_5m_069.fjs,MWKR,1,131.70065307617188,3.106393814086914,0.0
20260826,10j_5m_070.fjs,MWKR,1,125.14410400390625,4.5556254386901855,0.0
20260826,10j_5m_071.fjs,MWKR,1,120.52037811279297,1.6097323894500732,1.0
20260826,10j_5m_072.fjs,MWKR,1,118.77503967285156,2.020305633544922,0.0
20260826,10j_5m_073.fjs,MWKR,1,119.4383544921875,3.361534357070923,0.0
20260826,10j_5m_074.fjs,MWKR,1,111.5416259765625,4.488054275512695,0.0
20260826,10j_5m_075.fjs,MWKR,1,111.0342788696289,2.22917103767395,0.0
20260826,10j_5m_076.fjs,MWKR,1,121.8651123046875,2.609461784362793,0.0
20260826,10j_5m_077.fjs,MWKR,1,115.18780517578125,4.136139392852783,0.0
20260826,10j_5m_078.fjs,MWKR,1,128.06813049316406,2.6064682006835938,0.0
20260826,10j_5m_079.fjs,MWKR,1,130.40841674804688,2.87276029586792,0.0
20260826,10j_5m_080.fjs,MWKR,1,127.5,2.3234310150146484,0.0
20260826,10j_5m_081.fjs,MWKR,1,116.93254089355469,2.1196839809417725,0.0
20260826,10j_5m_082.fjs,MWKR,1,109.00914001464844,3.2396578788757324,0.0
20260826,10j_5m_083.fjs,MWKR,1,136.52650451660156,1.663048267364502,1.0
20260826,10j_5m_084.fjs,MWKR,1,120.37373352050781,4.271849155426025,0.0
20260826,10j_5m_085.fjs,MWKR,1,119.76225280761719,2.0452654361724854,0.0
20260826,10j_5m_086.fjs,MWKR,1,95.83340454101562,1.5054607391357422,1.0
20260826,10j_5m_087.fjs,MWKR,1,113.1964340209961,2.7801525592803955,0.0
20260826,10j_5m_088.fjs,MWKR,1,108.78945922851562,2.9466254711151123,0.0
20260826,10j_5m_089.fjs,MWKR,1,189.06492614746094,1.7605332136154175,0.0
20260826,10j_5m_090.fjs,MWKR,1,89.59735107421875,3.5405285358428955,0.0
20260826,10j_5m_091.fjs,MWKR,1,126.5,3.1207334995269775,0.0
20260826,10j_5m_092.fjs,MWKR,1,98.5,2.82720947265625,0.0
20260826,10j_5m_093.fjs,MWKR,1,131.5,2.360448122024536,0.0
20260826,10j_5m_094.fjs,MWKR,1,103.30059814453125,2.6111114025115967,0.0
20260826,10j_5m_095.fjs,MWKR,1,110.55464172363281,3.2451322078704834,0.0
20260826,10j_5m_096.fjs,MWKR,1,113.78441619873047,2.523479461669922,0.0
20260826,10j_5m_097.fjs,MWKR,1,115.21794891357422,1.973093032836914,0.0
20260826,10j_5m_098.fjs,MWKR,1,114.9875259399414,2.9030423164367676,0.0
20260826,10j_5m_099.fjs,MWKR,1,120.28154754638672,1.73651123046875,0.0
20260826,10j_5m_100.fjs,MWKR,1,91.55427551269531,4.064001083374023,0.0
20260827,10j_5m_021.fjs,MWKR,1,119.70890808105469,3.1519362926483154,0.0
20260827,10j_5m_022.fjs,MWKR,1,114.0294189453125,3.1474356651306152,0.0
20260827,10j_5m_023.fjs,MWKR,1,125.5,3.238081216812134,0.0
20260827,10j_5m_024.fjs,MWKR,1,101.61092376708984,3.3804705142974854,0.0
20260827,10j_5m_025.fjs,MWKR,1,100.26681518554688,2.7381415367126465,0.0
20260827,10j_5m_026.fjs,MWKR,1,113.84880065917969,2.3717665672302246,0.0
20260827,10j_5m_027.fjs,MWKR,1,109.93834686279297,6.3717145919799805,0.0
20260827,10j_5m_028.fjs,MWKR,1,102.14419555664062,2.726612091064453,0.0
20260827,10j_5m_029.fjs,MWKR,1,113.16996765136719,2.3811466693878174,0.0
20260827,10j_5m_030.fjs,MWKR,1,123.66143035888672,2.3314554691314697,0.0
20260827,10j_5m_031.fjs,MWKR,1,131.30638122558594,2.3408470153808594,0.0
20260827,10j_5m_032.fjs,MWKR,1,108.91148376464844,4.512533187866211,0.0
20260827,10j_5m_033.fjs,MWKR,1,123.23123931884766,3.103252649307251,0.0
20260827,10j_5m_034.fjs,MWKR,1,146.98748779296875,2.1776254177093506,0.0
20260827,10j_5m_035.fjs,MWKR,1,126.64324951171875,3.5938756465911865,0.0
20260827,10j_5m_036.fjs,MWKR,1,90.5,1.7738436460494995,0.0
20260827,10j_5m_037.fjs,MWKR,1,115.43073272705078,2.39188551902771,0.0
20260827,10j_5m_038.fjs,MWKR,1,123.67802429199219,1.8130213022232056,0.0
20260827,10j_5m_039.fjs,MWKR,1,157.2384033203125,1.8665066957473755,0.0
20260827,10j_5m_040.fjs,MWKR,1,126.91337585449219,2.463787794113159,0.0
20260827,10j_5m_041.fjs,MWKR,1,121.96815490722656,2.848170757293701,0.0
20260827,10j_5m_042.fjs,MWKR,1,108.5,3.0699543952941895,0.0
20260827,10j_5m_043.fjs,MWKR,1,121.5712890625,2.4902265071868896,0.0
20260827,10j_5m_044.fjs,MWKR,1,135.21502685546875,2.3931374549865723,0.0
20260827,10j_5m_045.fjs,MWKR,1,112.85562133789062,2.5247409343719482,0.0
20260827,10j_5m_046.fjs,MWKR,1,125.5,4.0184407234191895,0.0
20260827,10j_5m_047.fjs,MWKR,1,118.75161743164062,3.9233810901641846,0.0
20260827,10j_5m_048.fjs,MWKR,1,113.5,1.8636581897735596,0.0
20260827,10j_5m_049.fjs,MWKR,1,94.66844177246094,2.3676350116729736,0.0
20260827,10j_5m_050.fjs,MWKR,1,131.81866455078125,2.8027710914611816,0.0
20260827,10j_5m_051.fjs,MWKR,1,108.49885559082031,2.8712804317474365,0.0
20260827,10j_5m_052.fjs,MWKR,1,115.7334976196289,2.8808584213256836,0.0
20260827,10j_5m_053.fjs,MWKR,1,130.92626953125,2.485933780670166,0.0
20260827,10j_5m_054.fjs,MWKR,1,113.77410125732422,1.8113420009613037,0.0
20260827,10j_5m_055.fjs,MWKR,1,136.69615173339844,2.8784730434417725,0.0
20260827,10j_5m_056.fjs,MWKR,1,122.74820709228516,1.8146169185638428,0.0
20260827,10j_5m_057.fjs,MWKR,1,114.67767333984375,2.5071921348571777,0.0
20260827,10j_5m_058.fjs,MWKR,1,109.5,5.8160481452941895,0.0
20260827,10j_5m_059.fjs,MWKR,1,110.3695297241211,3.1292059421539307,0.0
20260827,10j_5m_060.fjs,MWKR,1,102.0,3.5660839080810547,0.0
20260827,10j_5m_061.fjs,MWKR,1,132.45982360839844,2.4856903553009033,0.0
20260827,10j_5m_062.fjs,MWKR,1,125.8619384765625,1.8223414421081543,0.0
20260827,10j_5m_063.fjs,MWKR,1,101.5,1.989646077156067,0.0
20260827,10j_5m_064.fjs,MWKR,1,130.06251525878906,2.0507712364196777,0.0
20260827,10j_5m_065.fjs,MWKR,1,131.8016815185547,5.398963928222656,0.0
20260827,10j_5m_066.fjs,MWKR,1,126.45835876464844,1.108215570449829,1.0
20260827,10j_5m_067.fjs,MWKR,1,120.86262512207031,1.121774673461914,1.0
20260827,10j_5m_068.fjs,MWKR,1,130.51707458496094,1.319102168083191,1.0
20260827,10j_5m_069.fjs,MWKR,1,122.93824768066406,3.3260385990142822,0.0
20260827,10j_5m_070.fjs,MWKR,1,125.42138671875,5.14066219329834,0.0
20260827,10j_5m_071.fjs,MWKR,1,130.5,1.698911428451538,1.0
20260827,10j_5m_072.fjs,MWKR,1,110.7630844116211,2.3441507816314697,0.0
20260827,10j_5m_073.fjs,MWKR,1,120.5,3.035188674926758,0.0
20260827,10j_5m_074.fjs,MWKR,1,107.89726257324219,3.880937099456787,0.0
20260827,10j_5m_075.fjs,MWKR,1,112.5,3.0374372005462646,0.0
20260827,10j_5m_076.fjs,MWKR,1,125.15431213378906,2.4922304153442383,0.0
20260827,10j_5m_077.fjs,MWKR,1,105.90959167480469,3.7677249908447266,0.0
20260827,10j_5m_078.fjs,MWKR,1,122.69744873046875,3.1683263778686523,0.0
20260827,10j_5m_079.fjs,MWKR,1,165.56976318359375,3.0494043827056885,0.0
20260827,10j_5m_080.fjs,MWKR,1,129.85215759277344,2.418222427368164,0.0
20260827,10j_5m_081.fjs,MWKR,1,123.08426666259766,2.860511541366577,0.0
20260827,10j_5m_082.fjs,MWKR,1,113.5,4.512139320373535,0.0
20260827,10j_5m_083.fjs,MWKR,1,121.56951904296875,2.2858283519744873,0.0
20260827,10j_5m_084.fjs,MWKR,1,117.74591064453125,4.694605350494385,0.0
20260827,10j_5m_085.fjs,MWKR,1,103.35382080078125,2.4362761974334717,0.0
20260827,10j_5m_086.fjs,MWKR,1,106.21507263183594,2.369319200515747,0.0
20260827,10j_5m_087.fjs,MWKR,1,120.60389709472656,2.8933963775634766,0.0
20260827,10j_5m_088.fjs,MWKR,1,111.71627807617188,3.1721184253692627,0.0
20260827,10j_5m_089.fjs,MWKR,1,134.1751708984375,3.0151619911193848,0.0
20260827,10j_5m_090.fjs,MWKR,1,97.60701751708984,3.3014893531799316,0.0
20260827,10j_5m_091.fjs,MWKR,1,131.5,3.265242099761963,0.0
20260827,10j_5m_092.fjs,MWKR,1,102.20820617675781,2.708266258239746,0.0
20260827,10j_5m_093.fjs,MWKR,1,133.69964599609375,1.4207974672317505,1.0
20260827,10j_5m_094.fjs,MWKR,1,116.54475402832031,2.9367475509643555,0.0
20260827,10j_5m_095.fjs,MWKR,1,117.99298095703125,3.1760921478271484,0.0
20260827,10j_5m_096.fjs,MWKR,1,99.85321044921875,3.0984203815460205,0.0
20260827,10j_5m_097.fjs,MWKR,1,132.72752380371094,1.5195597410202026,1.0
20260827,10j_5m_098.fjs,MWKR,1,115.5,2.6535046100616455,0.0
20260827,10j_5m_099.fjs,MWKR,1,135.25607299804688,2.346525192260742,0.0
20260827,10j_5m_100.fjs,MWKR,1,95.93484497070312,2.719087839126587,0.0
20260825,10j_5m_021.fjs,MOR,1,114.60635375976562,1.476090431213379,1.0
20260825,10j_5m_022.fjs,MOR,1,130.49533081054688,1.8777527809143066,0.0
20260825,10j_5m_023.fjs,MOR,1,125.0,1.033171534538269,1.0
20260825,10j_5m_024.fjs,MOR,1,108.65447998046875,3.042931318283081,0.0
20260825,10j_5m_025.fjs,MOR,1,96.82730102539062,1.6890344619750977,1.0
20260825,10j_5m_026.fjs,MOR,1,101.1282958984375,1.9257841110229492,0.0
20260825,10j_5m_027.fjs,MOR,1,104.5,2.3355138301849365,0.0
20260825,10j_5m_028.fjs,MOR,1,99.5,2.639963150024414,0.0
20260825,10j_5m_029.fjs,MOR,1,103.5,2.3950185775756836,0.0
20260825,10j_5m_030.fjs,MOR,1,130.2727508544922,1.6019600629806519,1.0
20260825,10j_5m_031.fjs,MOR,1,128.88409423828125,2.39760422706604,0.0
20260825,10j_5m_032.fjs,MOR,1,130.3919677734375,2.411585807800293,0.0
20260825,10j_5m_033.fjs,MOR,1,119.5,2.5555672645568848,0.0
20260825,10j_5m_034.fjs,MOR,1,112.52926635742188,1.9400620460510254,0.0
20260825,10j_5m_035.fjs,MOR,1,122.14738464355469,2.223623752593994,0.0
20260825,10j_5m_036.fjs,MOR,1,84.14067840576172,2.3132104873657227,0.0
20260825,10j_5m_037.fjs,MOR,1,108.80841064453125,2.7168867588043213,0.0
20260825,10j_5m_038.fjs,MOR,1,116.48997497558594,2.2784745693206787,0.0
20260825,10j_5m_039.fjs,MOR,1,138.0977783203125,1.8070271015167236,0.0
20260825,10j_5m_040.fjs,MOR,1,115.5,2.3370554447174072,0.0
20260825,10j_5m_041.fjs,MOR,1,134.5,1.5345839262008667,1.0
20260825,10j_5m_042.fjs,MOR,1,110.00688934326172,2.0232291221618652,0.0
20260825,10j_5m_043.fjs,MOR,1,149.28805541992188,1.4629075527191162,1.0
20260825,10j_5m_044.fjs,MOR,1,117.67436218261719,2.1059038639068604,0.0
20260825,10j_5m_045.fjs,MOR,1,120.5,2.014163017272949,0.0
20260825,10j_5m_046.fjs,MOR,1,130.5,3.2433273792266846,0.0
20260825,10j_5m_047.fjs,MOR,1,112.8145751953125,1.4927252531051636,1.0
20260825,10j_5m_048.fjs,MOR,1,93.37042999267578,1.8622111082077026,0.0
20260825,10j_5m_049.fjs,MOR,1,114.53179931640625,1.8089848756790161,0.0
20260825,10j_5m_050.fjs,MOR,1,109.91958618164062,2.2392385005950928,0.0
20260825,10j_5m_051.fjs,MOR,1,104.29316711425781,2.7315750122070312,0.0
20260825,10j_5m_052.fjs,MOR,1,129.8809814453125,2.5135672092437744,0.0
20260825,10j_5m_053.fjs,MOR,1,127.58811950683594,1.6324228048324585,1.0
20260825,10j_5m_054.fjs,MOR,1,114.5,1.1636697053909302,1.0
20260825,10j_5m_055.fjs,MOR,1,111.5,1.933834433555603,0.0
20260825,10j_5m_056.fjs,MOR,1,116.55276489257812,2.780111312866211,0.0
20260825,10j_5m_057.fjs,MOR,1,116.69346618652344,2.409881830215454,0.0
20260825,10j_5m_058.fjs,MOR,1,108.5,3.454681158065796,0.0
20260825,10j_5m_059.fjs,MOR,1,120.5540771484375,1.8633726835250854,0.0
20260825,10j_5m_060.fjs,MOR,1,104.17662048339844,3.3487939834594727,0.0
20260825,10j_5m_061.fjs,MOR,1,123.30989074707031,1.9659898281097412,0.0
20260825,10j_5m_062.fjs,MOR,1,119.79000854492188,2.032557487487793,0.0
20260825,10j_5m_063.fjs,MOR,1,113.1390151977539,1.3822886943817139,1.0
20260825,10j_5m_064.fjs,MOR,1,114.07281494140625,2.043276786804199,0.0
20260825,10j_5m_065.fjs,MOR,1,148.5,2.1877667903900146,0.0
20260825,10j_5m_066.fjs,MOR,1,108.52112579345703,1.5974668264389038,1.0
20260825,10j_5m_067.fjs,MOR,1,108.77972412109375,2.2854859828948975,0.0
20260825,10j_5m_068.fjs,MOR,1,96.6422119140625,4.5948967933654785,0.0
20260825,10j_5m_069.fjs,MOR,1,123.5,1.9340678453445435,0.0
20260825,10j_5m_070.fjs,MOR,1,114.53653717041016,3.400552272796631,0.0
20260825,10j_5m_071.fjs,MOR,1,127.98212432861328,1.9880216121673584,0.0
20260825,10j_5m_072.fjs,MOR,1,139.65655517578125,1.4414210319519043,1.0
20260825,10j_5m_073.fjs,MOR,1,114.75678253173828,1.947424292564392,0.0
20260825,10j_5m_074.fjs,MOR,1,100.5,2.2030184268951416,0.0
20260825,10j_5m_075.fjs,MOR,1,104.50802612304688,2.4114279747009277,0.0
20260825,10j_5m_076.fjs,MOR,1,122.5,1.773188829421997,0.0
20260825,10j_5m_077.fjs,MOR,1,110.0636215209961,2.1362545490264893,0.0
20260825,10j_5m_078.fjs,MOR,1,134.5,2.157599449157715,0.0
20260825,10j_5m_079.fjs,MOR,1,123.5,3.2250845432281494,0.0
20260825,10j_5m_080.fjs,MOR,1,136.5,2.0224571228027344,0.0
20260825,10j_5m_081.fjs,MOR,1,117.15335845947266,1.779427409172058,0.0
20260825,10j_5m_082.fjs,MOR,1,123.712158203125,2.6284749507904053,0.0
20260825,10j_5m_083.fjs,MOR,1,131.06141662597656,1.832169532775879,0.0
20260825,10j_5m_084.fjs,MOR,1,130.50498962402344,2.250551700592041,0.0
20260825,10j_5m_085.fjs,MOR,1,104.920166015625,1.6222888231277466,1.0
20260825,10j_5m_086.fjs,MOR,1,101.76213836669922,2.1528377532958984,0.0
20260825,10j_5m_087.fjs,MOR,1,125.74490356445312,2.4899652004241943,0.0
20260825,10j_5m_088.fjs,MOR,1,117.52401733398438,2.266484022140503,0.0
20260825,10j_5m_089.fjs,MOR,1,131.6337127685547,3.3061373233795166,0.0
20260825,10j_5m_090.fjs,MOR,1,109.0768814086914,2.548382520675659,0.0
20260825,10j_5m_091.fjs,MOR,1,130.50537109375,1.8972041606903076,0.0
20260825,10j_5m_092.fjs,MOR,1,97.41850280761719,2.38230299949646,0.0
20260825,10j_5m_093.fjs,MOR,1,130.4662322998047,2.13399600982666,0.0
20260825,10j_5m_094.fjs,MOR,1,108.5,2.1557514667510986,0.0
20260825,10j_5m_095.fjs,MOR,1,110.787841796875,2.193572521209717,0.0
20260825,10j_5m_096.fjs,MOR,1,115.35639190673828,2.186429738998413,0.0
20260825,10j_5m_097.fjs,MOR,1,117.84830474853516,1.469783902168274,1.0
20260825,10j_5m_098.fjs,MOR,1,113.99729919433594,2.046842336654663,0.0
20260825,10j_5m_099.fjs,MOR,1,125.26145935058594,1.7110503911972046,0.0
20260825,10j_5m_100.fjs,MOR,1,110.08014678955078,1.8684741258621216,0.0
20260826,10j_5m_021.fjs,MOR,1,118.31304168701172,2.4454352855682373,0.0
20260826,10j_5m_022.fjs,MOR,1,115.57511138916016,2.147879123687744,0.0
20260826,10j_5m_023.fjs,MOR,1,137.6109161376953,1.724579930305481,0.0
20260826,10j_5m_024.fjs,MOR,1,97.5,2.147606611251831,0.0
20260826,10j_5m_025.fjs,MOR,1,93.5,1.993584156036377,0.0
20260826,10j_5m_026.fjs,MOR,1,102.5,1.649143934249878,1.0
20260826,10j_5m_027.fjs,MOR,1,103.23709106445312,2.504565477371216,0.0
20260826,10j_5m_028.fjs,MOR,1,104.5,3.1180503368377686,0.0
20260826,10j_5m_029.fjs,MOR,1,106.78813171386719,2.4898948669433594,0.0
20260826,10j_5m_030.fjs,MOR,1,126.54818725585938,1.8801546096801758,0.0
20260826,10j_5m_031.fjs,MOR,1,123.55648040771484,2.186079978942871,0.0
20260826,10j_5m_032.fjs,MOR,1,116.24463653564453,3.0254390239715576,0.0
20260826,10j_5m_033.fjs,MOR,1,107.24269104003906,1.8167266845703125,0.0
20260826,10j_5m_034.fjs,MOR,1,125.62417602539062,1.7537070512771606,0.0
20260826,10j_5m_035.fjs,MOR,1,121.06330108642578,2.098238468170166,0.0
20260826,10j_5m_036.fjs,MOR,1,96.6106948852539,1.8553271293640137,0.0
20260826,10j_5m_037.fjs,MOR,1,102.09397888183594,2.1562442779541016,0.0
20260826,10j_5m_038.fjs,MOR,1,126.3187255859375,2.303273916244507,0.0
20260826,10j_5m_039.fjs,MOR,1,130.5,1.8150959014892578,0.0
20260826,10j_5m_040.fjs,MOR,1,130.177001953125,1.674354910850525,1.0
20260826,10j_5m_041.fjs,MOR,1,149.71371459960938,1.6245017051696777,1.0
20260826,10j_5m_042.fjs,MOR,1,107.82206726074219,2.6384737491607666,0.0
20260826,10j_5m_043.fjs,MOR,1,126.76683044433594,2.013056993484497,0.0
20260826,10j_5m_044.fjs,MOR,1,116.14173889160156,2.39443039894104,0.0
20260826,10j_5m_045.fjs,MOR,1,116.33837127685547,1.8384990692138672,0.0
20260826,10j_5m_046.fjs,MOR,1,127.5,3.077683210372925,0.0
20260826,10j_5m_047.fjs,MOR,1,117.61875915527344,2.1301493644714355,0.0
20260826,10j_5m_048.fjs,MOR,1,105.83558654785156,1.759476900100708,0.0
20260826,10j_5m_049.fjs,MOR,1,116.63225555419922,1.8785837888717651,0.0
20260826,10j_5m_050.fjs,MOR,1,111.25566101074219,2.261235237121582,0.0
20260826,10j_5m_051.fjs,MOR,1,103.83168029785156,2.2725489139556885,0.0
20260826,10j_5m_052.fjs,MOR,1,115.46255493164062,1.6081855297088623,1.0
20260826,10j_5m_053.fjs,MOR,1,127.5,1.5013619661331177,1.0
20260826,10j_5m_054.fjs,MOR,1,112.99826049804688,1.3131335973739624,1.0
20260826,10j_5m_055.fjs,MOR,1,119.99488830566406,1.8702001571655273,0.0
20260826,10j_5m_056.fjs,MOR,1,115.4592056274414,1.7656246423721313,0.0
20260826,10j_5m_057.fjs,MOR,1,128.83267211914062,3.110891580581665,0.0
20260826,10j_5m_058.fjs,MOR,1,103.15227508544922,3.2508628368377686,0.0
20260826,10j_5m_059.fjs,MOR,1,107.4244384765625,1.8613654375076294,0.0
20260826,10j_5m_060.fjs,MOR,1,107.50750732421875,3.0718834400177,0.0
20260826,10j_5m_061.fjs,MOR,1,125.60853576660156,3.096935510635376,0.0
20260826,10j_5m_062.fjs,MOR,1,113.5,2.85978102684021,0.0
20260826,10j_5m_063.fjs,MOR,1,102.51531982421875,1.6226495504379272,1.0
20260826,10j_5m_064.fjs,MOR,1,104.10205078125,2.2896578311920166,0.0
20260826,10j_5m_065.fjs,MOR,1,125.02293395996094,3.323072910308838,0.0
20260826,10j_5m_066.fjs,MOR,1,114.5,1.9967215061187744,0.0
20260826,10j_5m_067.fjs,MOR,1,155.56362915039062,1.3942556381225586,1.0
20260826,10j_5m_068.fjs,MOR,1,99.02205657958984,4.110301971435547,0.0
20260826,10j_5m_069.fjs,MOR,1,118.00991821289062,2.316826581954956,0.0
20260826,10j_5m_070.fjs,MOR,1,127.17710876464844,1.907867193222046,0.0
20260826,10j_5m_071.fjs,MOR,1,124.34492492675781,2.085585355758667,0.0
20260826,10j_5m_072.fjs,MOR,1,117.77503967285156,2.1277339458465576,0.0
20260826,10j_5m_073.fjs,MOR,1,114.74449920654297,1.9141513109207153,0.0
20260826,10j_5m_074.fjs,MOR,1,111.5416259765625,1.8586554527282715,0.0
20260826,10j_5m_075.fjs,MOR,1,105.84693908691406,1.9056730270385742,0.0
20260826,10j_5m_076.fjs,MOR,1,126.53206634521484,1.8342337608337402,0.0
20260826,10j_5m_077.fjs,MOR,1,116.18780517578125,3.285810947418213,0.0
20260826,10j_5m_078.fjs,MOR,1,119.06813049316406,1.7343412637710571,0.0
20260826,10j_5m_079.fjs,MOR,1,126.40840911865234,3.4805333614349365,0.0
20260826,10j_5m_080.fjs,MOR,1,127.5,2.460188388824463,0.0
20260826,10j_5m_081.fjs,MOR,1,122.93254089355469,1.6843986511230469,1.0
20260826,10j_5m_082.fjs,MOR,1,112.5972671508789,2.146655797958374,0.0
20260826,10j_5m_083.fjs,MOR,1,135.46786499023438,2.0540919303894043,0.0
20260826,10j_5m_084.fjs,MOR,1,124.95118713378906,2.573453426361084,0.0
20260826,10j_5m_085.fjs,MOR,1,109.5,1.5809262990951538,1.0
20260826,10j_5m_086.fjs,MOR,1,98.69182586669922,1.809311032295227,0.0
20260826,10j_5m_087.fjs,MOR,1,109.5,3.4046781063079834,0.0
20260826,10j_5m_088.fjs,MOR,1,115.1332778930664,1.9896658658981323,0.0
20260826,10j_5m_089.fjs,MOR,1,190.67477416992188,1.3633784055709839,1.0
20260826,10j_5m_090.fjs,MOR,1,94.59735107421875,2.0332882404327393,0.0
20260826,10j_5m_091.fjs,MOR,1,128.5,2.4991166591644287,0.0
20260826,10j_5m_092.fjs,MOR,1,114.0,2.3439247608184814,0.0
20260826,10j_5m_093.fjs,MOR,1,133.58502197265625,1.6900599002838135,1.0
20260826,10j_5m_094.fjs,MOR,1,107.30059814453125,2.374234437942505,0.0
20260826,10j_5m_095.fjs,MOR,1,106.72270202636719,1.5472378730773926,1.0
20260826,10j_5m_096.fjs,MOR,1,111.78441619873047,2.3341543674468994,0.0
20260826,10j_5m_097.fjs,MOR,1,113.59546661376953,1.625502109527588,1.0
20260826,10j_5m_098.fjs,MOR,1,113.53121948242188,1.9532978534698486,0.0
20260826,10j_5m_099.fjs,MOR,1,122.08547973632812,2.2725369930267334,0.0
20260826,10j_5m_100.fjs,MOR,1,99.5,1.9447063207626343,0.0
20260827,10j_5m_021.fjs,MOR,1,117.91414642333984,2.2776403427124023,0.0
20260827,10j_5m_022.fjs,MOR,1,113.5,1.8344401121139526,0.0
20260827,10j_5m_023.fjs,MOR,1,129.5,1.4196311235427856,1.0
20260827,10j_5m_024.fjs,MOR,1,105.57139587402344,2.712007761001587,0.0
20260827,10j_5m_025.fjs,MOR,1,100.30225372314453,2.2208707332611084,0.0
20260827,10j_5m_026.fjs,MOR,1,105.5,2.2738072872161865,0.0
20260827,10j_5m_027.fjs,MOR,1,114.05865478515625,2.8257462978363037,0.0
20260827,10j_5m_028.fjs,MOR,1,106.14419555664062,3.717406988143921,0.0
20260827,10j_5m_029.fjs,MOR,1,120.5,2.115154504776001,0.0
20260827,10j_5m_030.fjs,MOR,1,132.093505859375,1.8388066291809082,0.0
20260827,10j_5m_031.fjs,MOR,1,137.30638122558594,2.562326669692993,0.0
20260827,10j_5m_032.fjs,MOR,1,111.5,3.062638998031616,0.0
20260827,10j_5m_033.fjs,MOR,1,131.72189331054688,2.729712963104248,0.0
20260827,10j_5m_034.fjs,MOR,1,146.98748779296875,1.4999865293502808,1.0
20260827,10j_5m_035.fjs,MOR,1,127.5,2.2105681896209717,0.0
20260827,10j_5m_036.fjs,MOR,1,96.5,1.456242561340332,1.0
20260827,10j_5m_037.fjs,MOR,1,112.43073272705078,2.0874123573303223,0.0
20260827,10j_5m_038.fjs,MOR,1,122.22288513183594,1.8757777214050293,0.0
20260827,10j_5m_039.fjs,MOR,1,166.2384033203125,1.875005841255188,0.0
20260827,10j_5m_040.fjs,MOR,1,118.94894409179688,2.119112730026245,0.0
20260827,10j_5m_041.fjs,MOR,1,129.96815490722656,2.414062261581421,0.0
20260827,10j_5m_042.fjs,MOR,1,116.5,1.0075891017913818,1.0
20260827,10j_5m_043.fjs,MOR,1,121.19401550292969,1.8869383335113525,0.0
20260827,10j_5m_044.fjs,MOR,1,143.21502685546875,1.8578118085861206,0.0
20260827,10j_5m_045.fjs,MOR,1,112.5,1.8761041164398193,0.0
20260827,10j_5m_046.fjs,MOR,1,124.5,2.652139186859131,0.0
20260827,10j_5m_047.fjs,MOR,1,114.21673583984375,2.2900452613830566,0.0
20260827,10j_5m_048.fjs,MOR,1,111.5,1.7666199207305908,0.0
20260827,10j_5m_049.fjs,MOR,1,104.5,2.48941707611084,0.0
20260827,10j_5m_050.fjs,MOR,1,126.93731689453125,2.4744820594787598,0.0
20260827,10j_5m_051.fjs,MOR,1,106.14991760253906,1.7550841569900513,0.0
20260827,10j_5m_052.fjs,MOR,1,119.05799865722656,2.6226794719696045,0.0
20260827,10j_5m_053.fjs,MOR,1,126.92626190185547,1.8089948892593384,0.0
20260827,10j_5m_054.fjs,MOR,1,107.99568939208984,1.2757803201675415,1.0
20260827,10j_5m_055.fjs,MOR,1,113.69615173339844,1.5888174772262573,1.0
20260827,10j_5m_056.fjs,MOR,1,122.74820709228516,1.6698999404907227,1.0
20260827,10j_5m_057.fjs,MOR,1,115.67767333984375,2.1907646656036377,0.0
20260827,10j_5m_058.fjs,MOR,1,103.5,2.8990323543548584,0.0
20260827,10j_5m_059.fjs,MOR,1,126.65865325927734,2.046483039855957,0.0
20260827,10j_5m_060.fjs,MOR,1,105.6458740234375,3.4712741374969482,0.0
20260827,10j_5m_061.fjs,MOR,1,150.09230041503906,1.9860832691192627,0.0
20260827,10j_5m_062.fjs,MOR,1,122.8619384765625,2.080289125442505,0.0
20260827,10j_5m_063.fjs,MOR,1,100.58468627929688,1.3799996376037598,1.0
20260827,10j_5m_064.fjs,MOR,1,128.99935913085938,1.6823053359985352,1.0
20260827,10j_5m_065.fjs,MOR,1,131.8016815185547,2.9498281478881836,0.0
20260827,10j_5m_066.fjs,MOR,1,113.45835876464844,1.5170745849609375,1.0
20260827,10j_5m_067.fjs,MOR,1,119.4752197265625,1.132380485534668,1.0
20260827,10j_5m_068.fjs,MOR,1,130.51707458496094,1.5838079452514648,1.0
20260827,10j_5m_069.fjs,MOR,1,123.93824768066406,1.3897353410720825,1.0
20260827,10j_5m_070.fjs,MOR,1,128.42138671875,2.414001941680908,0.0
20260827,10j_5m_071.fjs,MOR,1,123.97879028320312,1.5129096508026123,1.0
20260827,10j_5m_072.fjs,MOR,1,115.7630844116211,1.8159780502319336,0.0
20260827,10j_5m_073.fjs,MOR,1,111.90648651123047,2.21380877494812,0.0
20260827,10j_5m_074.fjs,MOR,1,104.4649658203125,2.6447830200195312,0.0
20260827,10j_5m_075.fjs,MOR,1,103.89288330078125,1.7620960474014282,0.0
20260827,10j_5m_076.fjs,MOR,1,130.25686645507812,1.5585517883300781,1.0
20260827,10j_5m_077.fjs,MOR,1,107.581298828125,3.14544677734375,0.0
20260827,10j_5m_078.fjs,MOR,1,119.54252624511719,1.8959356546401978,0.0
20260827,10j_5m_079.fjs,MOR,1,163.68812561035156,3.185234785079956,0.0
20260827,10j_5m_080.fjs,MOR,1,123.17818450927734,2.415739059448242,0.0
20260827,10j_5m_081.fjs,MOR,1,116.4739990234375,1.5870709419250488,1.0
20260827,10j_5m_082.fjs,MOR,1,119.5,2.2609739303588867,0.0
20260827,10j_5m_083.fjs,MOR,1,140.033935546875,2.144098997116089,0.0
20260827,10j_5m_084.fjs,MOR,1,114.74591064453125,2.4256701469421387,0.0
20260827,10j_5m_085.fjs,MOR,1,104.35382080078125,1.722835898399353,0.0
20260827,10j_5m_086.fjs,MOR,1,104.21507263183594,2.387291431427002,0.0
20260827,10j_5m_087.fjs,MOR,1,114.60389709472656,3.0680298805236816,0.0
20260827,10j_5m_088.fjs,MOR,1,116.0155029296875,2.4614663124084473,0.0
20260827,10j_5m_089.fjs,MOR,1,141.1751708984375,2.1838443279266357,0.0
20260827,10j_5m_090.fjs,MOR,1,89.48959350585938,2.380401134490967,0.0
20260827,10j_5m_091.fjs,MOR,1,131.5,2.1042330265045166,0.0
20260827,10j_5m_092.fjs,MOR,1,102.53430938720703,2.429136276245117,0.0
20260827,10j_5m_093.fjs,MOR,1,139.69964599609375,1.432470440864563,1.0
20260827,10j_5m_094.fjs,MOR,1,108.54475402832031,1.8603647947311401,0.0
20260827,10j_5m_095.fjs,MOR,1,109.77178955078125,2.0250024795532227,0.0
20260827,10j_5m_096.fjs,MOR,1,103.20475769042969,2.4201865196228027,0.0
20260827,10j_5m_097.fjs,MOR,1,120.36903381347656,2.1504967212677,0.0
20260827,10j_5m_098.fjs,MOR,1,113.40188598632812,1.90542733669281,0.0
20260827,10j_5m_099.fjs,MOR,1,135.25607299804688,1.767249345779419,0.0
20260827,10j_5m_100.fjs,MOR,1,93.5,2.243542432785034,0.0
