package_path,upstream_path,git_blob_sha1,comparison_snapshot
checkpoints/base/reference_save_10_5.pt,results/save_10_5.pt,99f81b1f987d3e69a4041cd429ddd188c6d49d91,d7637b70029be6cb8fe78e450dcb07767876daea
config.json,config.json,a94cdc4cf702bf1ef5342ae1d020698b5d6a093d,d7637b70029be6cb8fe78e450dcb07767876daea
config_annotation.json,config_annotation.json,a7301cc7b26d752d3e76fc9869e4b7cfc22c3ffa,d7637b70029be6cb8fe78e450dcb07767876daea
data_dev/1005/10j_5m_001.fjs,data_dev/1005/10j_5m_001.fjs,272bc25db4d4c2d190a13ac19b387f5c105ed742,d7637b70029be6cb8fe78e450dcb07767876daea
data_dev/1005/10j_5m_002.fjs,data_dev/1005/10j_5m_002.fjs,54222d28d08d2415652ba1f28d63da5631fd60ef,d7637b70029be6cb8fe78e450dcb07767876daea
data_dev/1005/10j_5m_003.fjs,data_dev/1005/10j_5m_003.fjs,c88d10eb992791875bb7b0526afd4610d8ca59d6,d7637b70029be6cb8fe78e450dcb07767876daea
data_dev/1005/10j_5m_004.fjs,data_dev/1005/10j_5m_004.fjs,48c4ea8f78530e4841b79948cca5e1bf539d10d9,d7637b70029be6cb8fe78e450dcb07767876daea
data_dev/1005/10j_5m_005.fjs,data_dev/1005/10j_5m_005.fjs,cabd7a8e181973188c1fe21c03863362ae9dd93c,d7637b70029be6cb8fe78e450dcb07767876daea
data_dev/1005/10j_5m_006.fjs,data_dev/1005/10j_5m_006.fjs,1cad8854f4f2069aff1ca276dee2442444b68249,d7637b70029be6cb8fe78e450dcb07767876daea
data_dev/1005/10j_5m_007.fjs,data_dev/1005/10j_5m_007.fjs,2fd2b37344866d14ce5818e3ba49a35cc52152cb,d7637b70029be6cb8fe78e450dcb07767876daea
data_dev/1005/10j_5m_008.fjs,data_dev/1005/10j_5m_008.fjs,b271be294d01f0f1219c79595d6f68c4e05b062d,d7637b70029be6cb8fe78e450dcb07767876daea
data_dev/1005/10j_5m_009.fjs,data_dev/1005/10j_5m_009.fjs,e64429423ca4feb219dfe1ecfdeeb62563c98292,d7637b70029be6cb8fe78e450dcb07767876daea
data_dev/1005/10j_5m_010.fjs,data_dev/1005/10j_5m_010.fjs,8d3a48a80101bb57d254d6683078409f309c5d1e,d7637b70029be6cb8fe78e450dcb07767876daea
data_dev/1005/10j_5m_011.fjs,data_dev/1005/10j_5m_011.fjs,ee4d32502f8fed147844110004cfebf2bd8e89bb,d7637b70029be6cb8fe78e450dcb07767876daea
data_dev/1005/10j_5m_012.fjs,data_dev/1005/10j_5m_012.fjs,42923352df2f8bd10942a62b0ad9afe2e3ef5984,d7637b70029be6cb8fe78e450dcb07767876daea
data_dev/1005/10j_5m_013.fjs,data_dev/1005/10j_5m_013.fjs,3950efea837e53c5b44decbe19d554ff976ed355,d7637b70029be6cb8fe78e450dcb07767876daea
data_dev/1005/10j_5m_014.fjs,data_dev/1005/10j_5m_014.fjs,18cf4c306c32ae3b4cd1278b9857c2e464f6ad55,d7637b70029be6cb8fe78e450dcb07767876daea
data_dev/1005/10j_5m_015.fjs,data_dev/1005/10j_5m_015.fjs,b3bcddfa477f15b1b662df88667605f1233b774b,d7637b70029be6cb8fe78e450dcb07767876daea
data_dev/1005/10j_5m_016.fjs,data_dev/1005/10j_5m_016.fjs,aa2209087fcef108a1a806aea9944bf77693499a,d7637b70029be6cb8fe78e450dcb07767876daea
data_dev/1005/10j_5m_017.fjs,data_dev/1005/10j_5m_017.fjs,bc60d8b776ffa99b265254cfb3f65841919281df,d7637b70029be6cb8fe78e450dcb07767876daea
data_dev/1005/10j_5m_018.fjs,data_dev/1005/10j_5m_018.fjs,cd21e23f1b8587988a76de6f0450a3141342e76e,d7637b70029be6cb8fe78e450dcb07767876daea
data_dev/1005/10j_5m_019.fjs,data_dev/1005/10j_5m_019.fjs,5d18c742fabc8b2aa6c44d72ac90e4d4174cdb28,d7637b70029be6cb8fe78e450dcb07767876daea
data_dev/1005/10j_5m_020.fjs,data_dev/1005/10j_5m_020.fjs,03c4078152812182606ffead0b143b66182f4def,d7637b70029be6cb8fe78e450dcb07767876daea
data_dev/1005/10j_5m_021.fjs,data_dev/1005/10j_5m_021.fjs,5fcf29e23d74b1a656cad7a35e5a27db2bc20406,d7637b70029be6cb8fe78e450dcb07767876daea
data_dev/1005/10j_5m_022.fjs,data_dev/1005/10j_5m_022.fjs,94700c1307b98d77aafbd63c356ea518d4dcfb32,d7637b70029be6cb8fe78e450dcb07767876daea
data_dev/1005/10j_5m_023.fjs,data_dev/1005/10j_5m_023.fjs,a8aac52868c92b4d103b3a1d47969f10d36c3a2d,d7637b70029be6cb8fe78e450dcb07767876daea
data_dev/1005/10j_5m_024.fjs,data_dev/1005/10j_5m_024.fjs,5c4523116e33ac586815bda634eeef316c8f073f,d7637b70029be6cb8fe78e450dcb07767876daea
data_dev/1005/10j_5m_025.fjs,data_dev/1005/10j_5m_025.fjs,c1caec3ab560bb8b23e6988749d9c5b6d2fd5c4c,d7637b70029be6cb8fe78e450dcb07767876daea
data_dev/1005/10j_5m_026.fjs,data_dev/1005/10j_5m_026.fjs,467d45ca7ea02036732bffbb92090d3226e0c662,d7637b70029be6cb8fe78e450dcb07767876daea
data_dev/1005/10j_5m_027.fjs,data_dev/1005/10j_5m_027.fjs,de9e8f14f1d2268bb14cdbf8cc5b856e83195a27,d7637b70029be6cb8fe78e450dcb07767876daea
data_dev/1005/10j_5m_028.fjs,data_dev/1005/10j_5m_028.fjs,4cf89b7aa8616d673d7eaf637ee0c6a24db66f57,d7637b70029be6cb8fe78e450dcb07767876daea
data_dev/1005/10j_5m_029.fjs,data_dev/1005/10j_5m_029.fjs,91702fc1a7f454bc75c63494860afbd538ccd961,d7637b70029be6cb8fe78e450dcb07767876daea
data_dev/1005/10j_5m_030.fjs,data_dev/1005/10j_5m_030.fjs,dddb3db2f0e0c73226e88b5b8874523154280947,d7637b70029be6cb8fe78e450dcb07767876daea
data_dev/1005/10j_5m_031.fjs,data_dev/1005/10j_5m_031.fjs,044acd29ebd9f540b933ec2442deeb07e78c91b6,d7637b70029be6cb8fe78e450dcb07767876daea
data_dev/1005/10j_5m_032.fjs,data_dev/1005/10j_5m_032.fjs,683d804cfb127f5d820f4ea224ebb74461c90a9f,d7637b70029be6cb8fe78e450dcb07767876daea
data_dev/1005/10j_5m_033.fjs,data_dev/1005/10j_5m_033.fjs,5a0bd3db24c3dff080883bcacc894c34e88ea08c,d7637b70029be6cb8fe78e450dcb07767876daea
data_dev/1005/10j_5m_034.fjs,data_dev/1005/10j_5m_034.fjs,0582b44bae5f6c725692cf74db184e28507e64ba,d7637b70029be6cb8fe78e450dcb07767876daea
data_dev/1005/10j_5m_035.fjs,data_dev/1005/10j_5m_035.fjs,db30d4d37c70c4deb0cb39682ce7ec822fb24a6e,d7637b70029be6cb8fe78e450dcb07767876daea
data_dev/1005/10j_5m_036.fjs,data_dev/1005/10j_5m_036.fjs,287305a744edb03302e47b78991c11476d918f5d,d7637b70029be6cb8fe78e450dcb07767876daea
data_dev/1005/10j_5m_037.fjs,data_dev/1005/10j_5m_037.fjs,a68ded7c324051bc0ea3ab7e25b1ff0c545edd56,d7637b70029be6cb8fe78e450dcb07767876daea
data_dev/1005/10j_5m_038.fjs,data_dev/1005/10j_5m_038.fjs,d1b79a82731e5bfbb405a9a39be3a3ba17594526,d7637b70029be6cb8fe78e450dcb07767876daea
data_dev/1005/10j_5m_039.fjs,data_dev/1005/10j_5m_039.fjs,e2a36a9a367126aec0b04517fefd3391a0240f3b,d7637b70029be6cb8fe78e450dcb07767876daea
data_dev/1005/10j_5m_040.fjs,data_dev/1005/10j_5m_040.fjs,9b6ff45bfbd86e36d82e551025f21973090a183b,d7637b70029be6cb8fe78e450dcb07767876daea
data_dev/1005/10j_5m_041.fjs,data_dev/1005/10j_5m_041.fjs,bdfd97c92ee2235db0813297f09a6eefb6cf842d,d7637b70029be6cb8fe78e450dcb07767876daea
data_dev/1005/10j_5m_042.fjs,data_dev/1005/10j_5m_042.fjs,98e38e28207a10b793d27fc2a08d84e027837d61,d7637b70029be6cb8fe78e450dcb07767876daea
data_dev/1005/10j_5m_043.fjs,data_dev/1005/10j_5m_043.fjs,e952b3e1b86d08a24776ae7916dc1e51f607b936,d7637b70029be6cb8fe78e450dcb07767876daea
data_dev/1005/10j_5m_044.fjs,data_dev/1005/10j_5m_044.fjs,24e9301c6062a4625240a3eff4d39d229d2c3316,d7637b70029be6cb8fe78e450dcb07767876daea
data_dev/1005/10j_5m_045.fjs,data_dev/1005/10j_5m_045.fjs,d8c33d789b5b927b588147158b9f89db9b79cc91,d7637b70029be6cb8fe78e450dcb07767876daea
data_dev/1005/10j_5m_046.fjs,data_dev/1005/10j_5m_046.fjs,26c7eec5d4b813e00f0decf78d40746b785c97ec,d7637b70029be6cb8fe78e450dcb07767876daea
data_dev/1005/10j_5m_047.fjs,data_dev/1005/10j_5m_047.fjs,d456ca0de0c0f0f43d0d02045d12daa1baa1b3cd,d7637b70029be6cb8fe78e450dcb07767876daea
data_dev/1005/10j_5m_048.fjs,data_dev/1005/10j_5m_048.fjs,121e69b234def57306fc3a26b6cb6f5343f48bdb,d7637b70029be6cb8fe78e450dcb07767876daea
data_dev/1005/10j_5m_049.fjs,data_dev/1005/10j_5m_049.fjs,cdc47231f2734d21134884b66578084426d91c72,d7637b70029be6cb8fe78e450dcb07767876daea
data_dev/1005/10j_5m_050.fjs,data_dev/1005/10j_5m_050.fjs,8cfe5b6d455bc5ce65a2c121492c5a35f1ab9dfb,d7637b70029be6cb8fe78e450dcb07767876daea
data_dev/1005/10j_5m_051.fjs,data_dev/1005/10j_5m_051.fjs,4d38d7a4924905b85bf275b059ea700c64820abd,d7637b70029be6cb8fe78e450dcb07767876daea
data_dev/1005/10j_5m_052.fjs,data_dev/1005/10j_5m_052.fjs,ad0979e9742e20ff5a9ac0891f5de898b3279286,d7637b70029be6cb8fe78e450dcb07767876daea
data_dev/1005/10j_5m_053.fjs,data_dev/1005/10j_5m_053.fjs,6098024caf2cd4a78e68750261d2faf689fa6f19,d7637b70029be6cb8fe78e450dcb07767876daea
data_dev/1005/10j_5m_054.fjs,data_dev/1005/10j_5m_054.fjs,7b1a76976f87b660bad8bfdff7917e0b96674400,d7637b70029be6cb8fe78e450dcb07767876daea
data_dev/1005/10j_5m_055.fjs,data_dev/1005/10j_5m_055.fjs,f7c3458b8f2a43858c3955f61f0f6a0e2d011ae3,d7637b70029be6cb8fe78e450dcb07767876daea
data_dev/1005/10j_5m_056.fjs,data_dev/1005/10j_5m_056.fjs,f14f7d11efe8cfd96069da4dc0d184d2c987cd9a,d7637b70029be6cb8fe78e450dcb07767876daea
data_dev/1005/10j_5m_057.fjs,data_dev/1005/10j_5m_057.fjs,856835a00ee742fd537c3b179cbce4a4e64681c6,d7637b70029be6cb8fe78e450dcb07767876daea
data_dev/1005/10j_5m_058.fjs,data_dev/1005/10j_5m_058.fjs,98271027cb07fc31c021442496519b1e525f635d,d7637b70029be6cb8fe78e450dcb07767876daea
data_dev/1005/10j_5m_059.fjs,data_dev/1005/10j_5m_059.fjs,b44c759a357c9e0f2f75c86b4967437d63d1c6b1,d7637b70029be6cb8fe78e450dcb07767876daea
data_dev/1005/10j_5m_060.fjs,data_dev/1005/10j_5m_060.fjs,269a5590458f502895a31cf699ea20c130b8bafd,d7637b70029be6cb8fe78e450dcb07767876daea
data_dev/1005/10j_5m_061.fjs,data_dev/1005/10j_5m_061.fjs,d3ae7eb44f9ab536ceeea621c6dae2a9fb03c37d,d7637b70029be6cb8fe78e450dcb07767876daea
data_dev/1005/10j_5m_062.fjs,data_dev/1005/10j_5m_062.fjs,daf4f2fb009ad685d425a60fb828d82781031cc5,d7637b70029be6cb8fe78e450dcb07767876daea
data_dev/1005/10j_5m_063.fjs,data_dev/1005/10j_5m_063.fjs,a460c83122a03a6910c5fd3a7580e995952b257a,d7637b70029be6cb8fe78e450dcb07767876daea
data_dev/1005/10j_5m_064.fjs,data_dev/1005/10j_5m_064.fjs,25669bfaea109013139e2a7e6894660ecdd25dac,d7637b70029be6cb8fe78e450dcb07767876daea
data_dev/1005/10j_5m_065.fjs,data_dev/1005/10j_5m_065.fjs,e7b15396c7005533136e7e956c0bcbc83132eba4,d7637b70029be6cb8fe78e450dcb07767876daea
data_dev/1005/10j_5m_066.fjs,data_dev/1005/10j_5m_066.fjs,b0d6003c55c85045af6e799907c16304d25dc7b9,d7637b70029be6cb8fe78e450dcb07767876daea
data_dev/1005/10j_5m_067.fjs,data_dev/1005/10j_5m_067.fjs,3c66fb6108f1e931546f53576ce6ddc81ab684e5,d7637b70029be6cb8fe78e450dcb07767876daea
data_dev/1005/10j_5m_068.fjs,data_dev/1005/10j_5m_068.fjs,0b5c09e75665299c8bd5c5ebfa55184a0b2b03e5,d7637b70029be6cb8fe78e450dcb07767876daea
data_dev/1005/10j_5m_069.fjs,data_dev/1005/10j_5m_069.fjs,99b470e79d182fa9de866fbaf3fae55761a53cf7,d7637b70029be6cb8fe78e450dcb07767876daea
data_dev/1005/10j_5m_070.fjs,data_dev/1005/10j_5m_070.fjs,f3bd959b217575891cf46f429c74ddbb128d5c51,d7637b70029be6cb8fe78e450dcb07767876daea
data_dev/1005/10j_5m_071.fjs,data_dev/1005/10j_5m_071.fjs,01ed656d040ecc70ca398045dc95a18e4b6e5a7b,d7637b70029be6cb8fe78e450dcb07767876daea
data_dev/1005/10j_5m_072.fjs,data_dev/1005/10j_5m_072.fjs,7c7e776c0168ec3fac9b6260328d9d39b799a17b,d7637b70029be6cb8fe78e450dcb07767876daea
data_dev/1005/10j_5m_073.fjs,data_dev/1005/10j_5m_073.fjs,cecd66bf0335ba5f5285b99f6171b58b42417f40,d7637b70029be6cb8fe78e450dcb07767876daea
data_dev/1005/10j_5m_074.fjs,data_dev/1005/10j_5m_074.fjs,3c80fcbacb34e22918e38458aa1fc9539b8a58d0,d7637b70029be6cb8fe78e450dcb07767876daea
data_dev/1005/10j_5m_075.fjs,data_dev/1005/10j_5m_075.fjs,0b2dfab71f2eccd5ec7c966e1565b1eaf75b6bfd,d7637b70029be6cb8fe78e450dcb07767876daea
data_dev/1005/10j_5m_076.fjs,data_dev/1005/10j_5m_076.fjs,39cd4594056e7fc7497f23987a5b4fa3db2fa3b6,d7637b70029be6cb8fe78e450dcb07767876daea
data_dev/1005/10j_5m_077.fjs,data_dev/1005/10j_5m_077.fjs,d4532de09a7509401098acd071304773565029cc,d7637b70029be6cb8fe78e450dcb07767876daea
data_dev/1005/10j_5m_078.fjs,data_dev/1005/10j_5m_078.fjs,d24a05f44ce865634d2b99d0a1e9838106739acb,d7637b70029be6cb8fe78e450dcb07767876daea
data_dev/1005/10j_5m_079.fjs,data_dev/1005/10j_5m_079.fjs,b005bc97924fe3a6a5eb75acec6491d50dccca4f,d7637b70029be6cb8fe78e450dcb07767876daea
data_dev/1005/10j_5m_080.fjs,data_dev/1005/10j_5m_080.fjs,178d9c32606cf599298618373faf838569383604,d7637b70029be6cb8fe78e450dcb07767876daea
data_dev/1005/10j_5m_081.fjs,data_dev/1005/10j_5m_081.fjs,1dc6e8ec69fd493cfc86551b97130510b608d6c7,d7637b70029be6cb8fe78e450dcb07767876daea
data_dev/1005/10j_5m_082.fjs,data_dev/1005/10j_5m_082.fjs,5fa60562369947fea17e75bf6e99bd83a765c0c1,d7637b70029be6cb8fe78e450dcb07767876daea
data_dev/1005/10j_5m_083.fjs,data_dev/1005/10j_5m_083.fjs,4ff27997faad0f85c99a97e77a39ac6fea653eb9,d7637b70029be6cb8fe78e450dcb07767876daea
data_dev/1005/10j_5m_084.fjs,data_dev/1005/10j_5m_084.fjs,6f10935c647fddac805072f59383f1464d564490,d7637b70029be6cb8fe78e450dcb07767876daea
data_dev/1005/10j_5m_085.fjs,data_dev/1005/10j_5m_085.fjs,e2561726a2cdc1c3fd338c8226c80728a3c8e2b5,d7637b70029be6cb8fe78e450dcb07767876daea
data_dev/1005/10j_5m_086.fjs,data_dev/1005/10j_5m_086.fjs,7825f3c1bfb66c789995d34d7f68923edc6b4859,d7637b70029be6cb8fe78e450dcb07767876daea
data_dev/1005/10j_5m_087.fjs,data_dev/1005/10j_5m_087.fjs,c19a6bee4051024a68a3197c31504e7d447d1a85,d7637b70029be6cb8fe78e450dcb07767876daea
data_dev/1005/10j_5m_088.fjs,data_dev/1005/10j_5m_088.fjs,ff2caa5e003216a76673e608a584eb84b8c3cf04,d7637b70029be6cb8fe78e450dcb07767876daea
data_dev/1005/10j_5m_089.fjs,data_dev/1005/10j_5m_089.fjs,24931e96297febe83f9b37ed1c419e1fad8206fd,d7637b70029be6cb8fe78e450dcb07767876daea
data_dev/1005/10j_5m_090.fjs,data_dev/1005/10j_5m_090.fjs,96a67dced2d87615ee22db021fc8c0f8beea15dd,d7637b70029be6cb8fe78e450dcb07767876daea
data_dev/1005/10j_5m_091.fjs,data_dev/1005/10j_5m_091.fjs,4a96cb7c52f5abf98f0eee0fb1147da3ed3b5790,d7637b70029be6cb8fe78e450dcb07767876daea
data_dev/1005/10j_5m_092.fjs,data_dev/1005/10j_5m_092.fjs,e4fde5bf56d7c06af2861cbbaceaacdece0b7f9b,d7637b70029be6cb8fe78e450dcb07767876daea
data_dev/1005/10j_5m_093.fjs,data_dev/1005/10j_5m_093.fjs,c4bc10fadfce8fdbded92af581483191a560c806,d7637b70029be6cb8fe78e450dcb07767876daea
data_dev/1005/10j_5m_094.fjs,data_dev/1005/10j_5m_094.fjs,28a7d378d696aab111019486b8700ec48db96d14,d7637b70029be6cb8fe78e450dcb07767876daea
data_dev/1005/10j_5m_095.fjs,data_dev/1005/10j_5m_095.fjs,8d756c4f01c07c90a57daafbee389c5bf37d6679,d7637b70029be6cb8fe78e450dcb07767876daea
data_dev/1005/10j_5m_096.fjs,data_dev/1005/10j_5m_096.fjs,a39d2d89473187c719659e4cc8681d41d6fcf0b9,d7637b70029be6cb8fe78e450dcb07767876daea
data_dev/1005/10j_5m_097.fjs,data_dev/1005/10j_5m_097.fjs,aada942c7dc3b5837c2ea4a89488f06c8c2b3ac9,d7637b70029be6cb8fe78e450dcb07767876daea
data_dev/1005/10j_5m_098.fjs,data_dev/1005/10j_5m_098.fjs,a1720789e86e395f28f28399fa37e392fa136e34,d7637b70029be6cb8fe78e450dcb07767876daea
data_dev/1005/10j_5m_099.fjs,data_dev/1005/10j_5m_099.fjs,2e51b3521fad070216c4e8223aca6b951a9445cc,d7637b70029be6cb8fe78e450dcb07767876daea
data_dev/1005/10j_5m_100.fjs,data_dev/1005/10j_5m_100.fjs,87b1662350fc1f55ea202f89aaf6d1948a6b99c8,d7637b70029be6cb8fe78e450dcb07767876daea
data_dev/1510/15j_10m_001.fjs,data_dev/1510/15j_10m_001.fjs,4896935c66c2094e565beffee3ba4279f7299708,d7637b70029be6cb8fe78e450dcb07767876daea
data_dev/1510/15j_10m_002.fjs,data_dev/1510/15j_10m_002.fjs,84fdc0408f157098c2051fd0cc90d594d51836e2,d7637b70029be6cb8fe78e450dcb07767876daea
data_dev/1510/15j_10m_003.fjs,data_dev/1510/15j_10m_003.fjs,22641d37a6b309a6fd8d97c254fb874fa9590a8e,d7637b70029be6cb8fe78e450dcb07767876daea
data_dev/1510/15j_10m_004.fjs,data_dev/1510/15j_10m_004.fjs,fe7ab49162ebb35ad11ed6763712a2dca6daa4d5,d7637b70029be6cb8fe78e450dcb07767876daea
data_dev/1510/15j_10m_005.fjs,data_dev/1510/15j_10m_005.fjs,8c3d982bec49d5996e7f120f46d27a9140314048,d7637b70029be6cb8fe78e450dcb07767876daea
data_dev/1510/15j_10m_006.fjs,data_dev/1510/15j_10m_006.fjs,b5ce78f02dbd055dcb6c727d15ed37bebfb2b9db,d7637b70029be6cb8fe78e450dcb07767876daea
data_dev/1510/15j_10m_007.fjs,data_dev/1510/15j_10m_007.fjs,ffc1bee1234ffe45a0ca9ae82df52e90c019c8ba,d7637b70029be6cb8fe78e450dcb07767876daea
data_dev/1510/15j_10m_008.fjs,data_dev/1510/15j_10m_008.fjs,6bc6e03f4c7307e0130c0eb657bb12e9ee364239,d7637b70029be6cb8fe78e450dcb07767876daea
data_dev/1510/15j_10m_009.fjs,data_dev/1510/15j_10m_009.fjs,efa3d66e90267728caa0c48bf63ea7e0acf26be3,d7637b70029be6cb8fe78e450dcb07767876daea
data_dev/1510/15j_10m_010.fjs,data_dev/1510/15j_10m_010.fjs,38d9c1345cc42679a13d8932cb183a68e985556c,d7637b70029be6cb8fe78e450dcb07767876daea
data_dev/1510/15j_10m_011.fjs,data_dev/1510/15j_10m_011.fjs,6fef3c3308942bf9428c278b0464c465db82a517,d7637b70029be6cb8fe78e450dcb07767876daea
data_dev/1510/15j_10m_012.fjs,data_dev/1510/15j_10m_012.fjs,1488cd11a9c15a36f0ebaa8508ed89c53fbd52ab,d7637b70029be6cb8fe78e450dcb07767876daea
data_dev/1510/15j_10m_013.fjs,data_dev/1510/15j_10m_013.fjs,7aa1462f8923224e6ef3569541993ebbc39a739d,d7637b70029be6cb8fe78e450dcb07767876daea
data_dev/1510/15j_10m_014.fjs,data_dev/1510/15j_10m_014.fjs,79f0a27d2d1d13e479c7adb7d524f247cb1f14ac,d7637b70029be6cb8fe78e450dcb07767876daea
data_dev/1510/15j_10m_015.fjs,data_dev/1510/15j_10m_015.fjs,98b3c47f25d1d1c80708a9e6850715b8fc340b0e,d7637b70029be6cb8fe78e450dcb07767876daea
data_dev/1510/15j_10m_016.fjs,data_dev/1510/15j_10m_016.fjs,458b8aec6694df9a6adffd6fca5b1d533dfb4bd1,d7637b70029be6cb8fe78e450dcb07767876daea
data_dev/1510/15j_10m_017.fjs,data_dev/1510/15j_10m_017.fjs,aba461f61a954b25d54054ea01f405080e46d3c1,d7637b70029be6cb8fe78e450dcb07767876daea
data_dev/1510/15j_10m_018.fjs,data_dev/1510/15j_10m_018.fjs,bd115eedeee4cc5b13be5cbe2dc9df80b9d1a40c,d7637b70029be6cb8fe78e450dcb07767876daea
data_dev/1510/15j_10m_019.fjs,data_dev/1510/15j_10m_019.fjs,d02a86993c316c8e6b36ab228b690fd1c2460b36,d7637b70029be6cb8fe78e450dcb07767876daea
data_dev/1510/15j_10m_020.fjs,data_dev/1510/15j_10m_020.fjs,2cc5b7051ba6c78ebde8e4c47e24382c9dbe7dd3,d7637b70029be6cb8fe78e450dcb07767876daea
data_dev/1510/15j_10m_021.fjs,data_dev/1510/15j_10m_021.fjs,2e16f7f24783526a5eb3afda6f9def27affc2a22,d7637b70029be6cb8fe78e450dcb07767876daea
data_dev/1510/15j_10m_022.fjs,data_dev/1510/15j_10m_022.fjs,03e81ac55cce83f04a93a417793038ddce2debb2,d7637b70029be6cb8fe78e450dcb07767876daea
data_dev/1510/15j_10m_023.fjs,data_dev/1510/15j_10m_023.fjs,f0eaf38104b8b41eaaf363e1d0b3002822ef3ed6,d7637b70029be6cb8fe78e450dcb07767876daea
data_dev/1510/15j_10m_024.fjs,data_dev/1510/15j_10m_024.fjs,4e39ee8b6dba3b4e1ffb7e4ba3aceab232e8f679,d7637b70029be6cb8fe78e450dcb07767876daea
data_dev/1510/15j_10m_025.fjs,data_dev/1510/15j_10m_025.fjs,4b9c4b95ba5481b1ba9fdf9b898949e4f9166c66,d7637b70029be6cb8fe78e450dcb07767876daea
data_dev/1510/15j_10m_026.fjs,data_dev/1510/15j_10m_026.fjs,e3ffb300f4275d411e6bffd5eb7c53c2a800b5d1,d7637b70029be6cb8fe78e450dcb07767876daea
data_dev/1510/15j_10m_027.fjs,data_dev/1510/15j_10m_027.fjs,ca4639dfbb56c02cbf8a6cb55743bac13773deb2,d7637b70029be6cb8fe78e450dcb07767876daea
data_dev/1510/15j_10m_028.fjs,data_dev/1510/15j_10m_028.fjs,1666a476383f805e1a5a630bde6d292bca6d24ab,d7637b70029be6cb8fe78e450dcb07767876daea
data_dev/1510/15j_10m_029.fjs,data_dev/1510/15j_10m_029.fjs,ab162baaac5b74772fb8406794fd66c0e49ddac4,d7637b70029be6cb8fe78e450dcb07767876daea
data_dev/1510/15j_10m_030.fjs,data_dev/1510/15j_10m_030.fjs,1385ad77cd86ac789c310784dd47e8146bdb9f45,d7637b70029be6cb8fe78e450dcb07767876daea
data_dev/1510/15j_10m_031.fjs,data_dev/1510/15j_10m_031.fjs,ff7aac8fdc4ea8b700e61e4f9bcc376e2738e02d,d7637b70029be6cb8fe78e450dcb07767876daea
data_dev/1510/15j_10m_032.fjs,data_dev/1510/15j_10m_032.fjs,090cce8bf88fbe7ce66a101764bd8ec1853a18ce,d7637b70029be6cb8fe78e450dcb07767876daea
data_dev/1510/15j_10m_033.fjs,data_dev/1510/15j_10m_033.fjs,d8fbc918fc220bfd0b2b1893c84809e8267afc25,d7637b70029be6cb8fe78e450dcb07767876daea
data_dev/1510/15j_10m_034.fjs,data_dev/1510/15j_10m_034.fjs,969d2747d4db9079ce79ff1c7fd12dd9c575b4e4,d7637b70029be6cb8fe78e450dcb07767876daea
data_dev/1510/15j_10m_035.fjs,data_dev/1510/15j_10m_035.fjs,090cf375a71196abb1efab7b1a95b8ec1519d4b7,d7637b70029be6cb8fe78e450dcb07767876daea
data_dev/1510/15j_10m_036.fjs,data_dev/1510/15j_10m_036.fjs,3eb61a42113a06427bbc8909d16a1deba79c32b9,d7637b70029be6cb8fe78e450dcb07767876daea
data_dev/1510/15j_10m_037.fjs,data_dev/1510/15j_10m_037.fjs,6c679457953fae090a7b6a9c340eadbb7b2a7317,d7637b70029be6cb8fe78e450dcb07767876daea
data_dev/1510/15j_10m_038.fjs,data_dev/1510/15j_10m_038.fjs,eca5f23e83488b91c30a85a4fff0f1ee291561c9,d7637b70029be6cb8fe78e450dcb07767876daea
data_dev/1510/15j_10m_039.fjs,data_dev/1510/15j_10m_039.fjs,f2a7a2fbe3edd5abcf6d1a22327db660ee6ce147,d7637b70029be6cb8fe78e450dcb07767876daea
data_dev/1510/15j_10m_040.fjs,data_dev/1510/15j_10m_040.fjs,1d1b679744374f9e0c3369f0307c18942592171a,d7637b70029be6cb8fe78e450dcb07767876daea
data_dev/1510/15j_10m_041.fjs,data_dev/1510/15j_10m_041.fjs,f3db194da69f0356e1271f89d9431433f53a8914,d7637b70029be6cb8fe78e450dcb07767876daea
data_dev/1510/15j_10m_042.fjs,data_dev/1510/15j_10m_042.fjs,78bf52308077d7bafe7a814491e7143214a20610,d7637b70029be6cb8fe78e450dcb07767876daea
data_dev/1510/15j_10m_043.fjs,data_dev/1510/15j_10m_043.fjs,8d81f5c12a8464097bcf5f3b0f3a0462d185ddfd,d7637b70029be6cb8fe78e450dcb07767876daea
data_dev/1510/15j_10m_044.fjs,data_dev/1510/15j_10m_044.fjs,8652225a142426d3d868c498e8152b0be14ecc15,d7637b70029be6cb8fe78e450dcb07767876daea
data_dev/1510/15j_10m_045.fjs,data_dev/1510/15j_10m_045.fjs,2ce6439b25baae11908c10a5527acd483a4f25ae,d7637b70029be6cb8fe78e450dcb07767876daea
data_dev/1510/15j_10m_046.fjs,data_dev/1510/15j_10m_046.fjs,77d20170867b7dffe43f4b28d66ce58af6d91ada,d7637b70029be6cb8fe78e450dcb07767876daea
data_dev/1510/15j_10m_047.fjs,data_dev/1510/15j_10m_047.fjs,15c236c6c4775b8c665ca52b2ae0b582c90b6e7e,d7637b70029be6cb8fe78e450dcb07767876daea
data_dev/1510/15j_10m_048.fjs,data_dev/1510/15j_10m_048.fjs,97fd12a997c370e798212cff9806b5178ab4803a,d7637b70029be6cb8fe78e450dcb07767876daea
data_dev/1510/15j_10m_049.fjs,data_dev/1510/15j_10m_049.fjs,ec2f86739a1ce0b7a749b96f599097ef3728bfd5,d7637b70029be6cb8fe78e450dcb07767876daea
data_dev/1510/15j_10m_050.fjs,data_dev/1510/15j_10m_050.fjs,34a3e29ca6095e057412cebb6599a69db374b01b,d7637b70029be6cb8fe78e450dcb07767876daea
data_dev/1510/15j_10m_051.fjs,data_dev/1510/15j_10m_051.fjs,b038b30aa45b5ab9cb656cd1b9919888075870a1,d7637b70029be6cb8fe78e450dcb07767876daea
data_dev/1510/15j_10m_052.fjs,data_dev/1510/15j_10m_052.fjs,228a80e75b80b60ac73020277dcff774fee5c819,d7637b70029be6cb8fe78e450dcb07767876daea
data_dev/1510/15j_10m_053.fjs,data_dev/1510/15j_10m_053.fjs,0cd9f7ccec0a835ea62d56149a7403d30bd22988,d7637b70029be6cb8fe78e450dcb07767876daea
data_dev/1510/15j_10m_054.fjs,data_dev/1510/15j_10m_054.fjs,8ce19b6d37703dceb65dd9cdad82268ce4e1baca,d7637b70029be6cb8fe78e450dcb07767876daea
data_dev/1510/15j_10m_055.fjs,data_dev/1510/15j_10m_055.fjs,89bd3c1d4f007e63e75ac9bd43cb3941d76289dc,d7637b70029be6cb8fe78e450dcb07767876daea
data_dev/1510/15j_10m_056.fjs,data_dev/1510/15j_10m_056.fjs,a1e1524eca0502c069e281fb4f35c0a5def29d57,d7637b70029be6cb8fe78e450dcb07767876daea
data_dev/1510/15j_10m_057.fjs,data_dev/1510/15j_10m_057.fjs,0357f6a07593e599b97360a76bb7b45090f96dd7,d7637b70029be6cb8fe78e450dcb07767876daea
data_dev/1510/15j_10m_058.fjs,data_dev/1510/15j_10m_058.fjs,61dbee550a6525cdf56a82b53f5a01b9835c9120,d7637b70029be6cb8fe78e450dcb07767876daea
data_dev/1510/15j_10m_059.fjs,data_dev/1510/15j_10m_059.fjs,9177b600f1fef868ff7a6dbcf72ea829b0e59fcf,d7637b70029be6cb8fe78e450dcb07767876daea
data_dev/1510/15j_10m_060.fjs,data_dev/1510/15j_10m_060.fjs,337f578ffb901de717875fe755e500b384bac747,d7637b70029be6cb8fe78e450dcb07767876daea
data_dev/1510/15j_10m_061.fjs,data_dev/1510/15j_10m_061.fjs,fb5b3bd4d4b90f16977d790d3c7dfa5c85eda924,d7637b70029be6cb8fe78e450dcb07767876daea
data_dev/1510/15j_10m_062.fjs,data_dev/1510/15j_10m_062.fjs,b9d320c20c3a0ed260f7e03adb813eaeb5818478,d7637b70029be6cb8fe78e450dcb07767876daea
data_dev/1510/15j_10m_063.fjs,data_dev/1510/15j_10m_063.fjs,0cf6a408c0e1299f5ad8ae4daed8876d43aa46a9,d7637b70029be6cb8fe78e450dcb07767876daea
data_dev/1510/15j_10m_064.fjs,data_dev/1510/15j_10m_064.fjs,3d6269717c9169efdacaefb4dd01caf59b382b7d,d7637b70029be6cb8fe78e450dcb07767876daea
data_dev/1510/15j_10m_065.fjs,data_dev/1510/15j_10m_065.fjs,42035661cd96114c3264266540608544991f1ff8,d7637b70029be6cb8fe78e450dcb07767876daea
data_dev/1510/15j_10m_066.fjs,data_dev/1510/15j_10m_066.fjs,9dae5530dadd80d5494cf503949afcbba14c8ca4,d7637b70029be6cb8fe78e450dcb07767876daea
data_dev/1510/15j_10m_067.fjs,data_dev/1510/15j_10m_067.fjs,6c9c9c08e2d8bbf0b5097215f5e62886bef2c9e0,d7637b70029be6cb8fe78e450dcb07767876daea
data_dev/1510/15j_10m_068.fjs,data_dev/1510/15j_10m_068.fjs,45941df741f9c8a827832db3eaee5869e0461585,d7637b70029be6cb8fe78e450dcb07767876daea
data_dev/1510/15j_10m_069.fjs,data_dev/1510/15j_10m_069.fjs,c0919e0516b9436d20d7d7246eebfe0ecd64fd93,d7637b70029be6cb8fe78e450dcb07767876daea
data_dev/1510/15j_10m_070.fjs,data_dev/1510/15j_10m_070.fjs,61a763be04625444ce75d55bf5435d79f5c183fc,d7637b70029be6cb8fe78e450dcb07767876daea
data_dev/1510/15j_10m_071.fjs,data_dev/1510/15j_10m_071.fjs,7480648bed026942127986b94859b411e2b9d5a1,d7637b70029be6cb8fe78e450dcb07767876daea
data_dev/1510/15j_10m_072.fjs,data_dev/1510/15j_10m_072.fjs,9851d9c394a27df40f13441d9e355c702f960773,d7637b70029be6cb8fe78e450dcb07767876daea
data_dev/1510/15j_10m_073.fjs,data_dev/1510/15j_10m_073.fjs,9f0c5a595302fbdd96295e55844e7462fc5a0cc4,d7637b70029be6cb8fe78e450dcb07767876daea
data_dev/1510/15j_10m_074.fjs,data_dev/1510/15j_10m_074.fjs,7e51d40d36a3820185ec757a9815a6f5cca4607e,d7637b70029be6cb8fe78e450dcb07767876daea
data_dev/1510/15j_10m_075.fjs,data_dev/1510/15j_10m_075.fjs,41dbb37e8a8be756018c12980a2d961af41f5c43,d7637b70029be6cb8fe78e450dcb07767876daea
data_dev/1510/15j_10m_076.fjs,data_dev/1510/15j_10m_076.fjs,d8497ffb9c9394ba23bc1677e06c9e1f257cbf21,d7637b70029be6cb8fe78e450dcb07767876daea
data_dev/1510/15j_10m_077.fjs,data_dev/1510/15j_10m_077.fjs,ed7b28385dc1123effd593452849c05a0be242fe,d7637b70029be6cb8fe78e450dcb07767876daea
data_dev/1510/15j_10m_078.fjs,data_dev/1510/15j_10m_078.fjs,fef79c584318552b413a3cce5dafeb5e4dfb9b84,d7637b70029be6cb8fe78e450dcb07767876daea
data_dev/1510/15j_10m_079.fjs,data_dev/1510/15j_10m_079.fjs,0493725e7840bf53a58e6e501584972fff1b9eaa,d7637b70029be6cb8fe78e450dcb07767876daea
data_dev/1510/15j_10m_080.fjs,data_dev/1510/15j_10m_080.fjs,1f1ad1f32830f2bc584e9839765e2b7891fd5516,d7637b70029be6cb8fe78e450dcb07767876daea
data_dev/1510/15j_10m_081.fjs,data_dev/1510/15j_10m_081.fjs,e834ed20f3e4d8a2896eef1f74ef52ef861122e0,d7637b70029be6cb8fe78e450dcb07767876daea
data_dev/1510/15j_10m_082.fjs,data_dev/1510/15j_10m_082.fjs,0a9a11749f1f24a161c3d8e80081b2cfb9f0e68e,d7637b70029be6cb8fe78e450dcb07767876daea
data_dev/1510/15j_10m_083.fjs,data_dev/1510/15j_10m_083.fjs,5f14a36282dd91a632baf5907d2d313f14b5766a,d7637b70029be6cb8fe78e450dcb07767876daea
data_dev/1510/15j_10m_084.fjs,data_dev/1510/15j_10m_084.fjs,c0b36477a2eca6d6a6103305ec592e4a2ddd2f9b,d7637b70029be6cb8fe78e450dcb07767876daea
data_dev/1510/15j_10m_085.fjs,data_dev/1510/15j_10m_085.fjs,b851d31c1fcd6354efe0916ee28a115e7eb5e1a0,d7637b70029be6cb8fe78e450dcb07767876daea
data_dev/1510/15j_10m_086.fjs,data_dev/1510/15j_10m_086.fjs,f15086da02ffd5a0fefb42894144cab1325e3821,d7637b70029be6cb8fe78e450dcb07767876daea
data_dev/1510/15j_10m_087.fjs,data_dev/1510/15j_10m_087.fjs,cb40b133b6dd1ed5e86d8efeb241db5eb6d7646b,d7637b70029be6cb8fe78e450dcb07767876daea
data_dev/1510/15j_10m_088.fjs,data_dev/1510/15j_10m_088.fjs,d9c81d28c988879f282be865a5d4b23aaca91838,d7637b70029be6cb8fe78e450dcb07767876daea
data_dev/1510/15j_10m_089.fjs,data_dev/1510/15j_10m_089.fjs,36e2bf4b405ca4cc2dc2391bbfae19463599b68e,d7637b70029be6cb8fe78e450dcb07767876daea
data_dev/1510/15j_10m_090.fjs,data_dev/1510/15j_10m_090.fjs,8f29cb0ebe691532aefd1159b66d4999a029a25b,d7637b70029be6cb8fe78e450dcb07767876daea
data_dev/1510/15j_10m_091.fjs,data_dev/1510/15j_10m_091.fjs,a2bdba94e973274e599f8010eba273c095864bec,d7637b70029be6cb8fe78e450dcb07767876daea
data_dev/1510/15j_10m_092.fjs,data_dev/1510/15j_10m_092.fjs,a2376056e30900ef11aec4f0a1b8e356fafeaed9,d7637b70029be6cb8fe78e450dcb07767876daea
data_dev/1510/15j_10m_093.fjs,data_dev/1510/15j_10m_093.fjs,5bf4816ee885183f14ab6a8a1cefa742df71226a,d7637b70029be6cb8fe78e450dcb07767876daea
data_dev/1510/15j_10m_094.fjs,data_dev/1510/15j_10m_094.fjs,1af14ef1fd11c96437873f38dbb50e53feb288d6,d7637b70029be6cb8fe78e450dcb07767876daea
data_dev/1510/15j_10m_095.fjs,data_dev/1510/15j_10m_095.fjs,f54bfa413858483cd958bb1c20174a010b1d47fc,d7637b70029be6cb8fe78e450dcb07767876daea
data_dev/1510/15j_10m_096.fjs,data_dev/1510/15j_10m_096.fjs,002fa8756e263a79f27362bc0dab1c1c0a562b04,d7637b70029be6cb8fe78e450dcb07767876daea
data_dev/1510/15j_10m_097.fjs,data_dev/1510/15j_10m_097.fjs,85f2a57158c1d8964498afd4d6ac1fa28c9df63d,d7637b70029be6cb8fe78e450dcb07767876daea
data_dev/1510/15j_10m_098.fjs,data_dev/1510/15j_10m_098.fjs,43207a5b364b18d5ceac8bc9467cd9c0f9d6eebd,d7637b70029be6cb8fe78e450dcb07767876daea
data_dev/1510/15j_10m_099.fjs,data_dev/1510/15j_10m_099.fjs,0ad375af8f21ead295d2ade90fcbcfdd137da4e8,d7637b70029be6cb8fe78e450dcb07767876daea
data_dev/1510/15j_10m_100.fjs,data_dev/1510/15j_10m_100.fjs,7d3338d52273f79301638347dedabdd5b37164a5,d7637b70029be6cb8fe78e450dcb07767876daea
data_dev/2005/20j_5m_001.fjs,data_dev/2005/20j_5m_001.fjs,9bceff0a39e20edbb90a7f99e89ccef7f29ff4ee,d7637b70029be6cb8fe78e450dcb07767876daea
data_dev/2005/20j_5m_002.fjs,data_dev/2005/20j_5m_002.fjs,5de390a171e60609733afa1b48be2254ba5976f6,d7637b70029be6cb8fe78e450dcb07767876daea
data_dev/2005/20j_5m_003.fjs,data_dev/2005/20j_5m_003.fjs,c801858c6170c356f6d5634c78581c77f4096050,d7637b70029be6cb8fe78e450dcb07767876daea
data_dev/2005/20j_5m_004.fjs,data_dev/2005/20j_5m_004.fjs,51ac822afc5391f8552107592f48c6e1dfccf8a4,d7637b70029be6cb8fe78e450dcb07767876daea
data_dev/2005/20j_5m_005.fjs,data_dev/2005/20j_5m_005.fjs,fc3092beba754541d54c669890eb635755d44780,d7637b70029be6cb8fe78e450dcb07767876daea
data_dev/2005/20j_5m_006.fjs,data_dev/2005/20j_5m_006.fjs,d4bc3f3ecc18b058856b4de4516af0ee9b709fb3,d7637b70029be6cb8fe78e450dcb07767876daea
data_dev/2005/20j_5m_007.fjs,data_dev/2005/20j_5m_007.fjs,2c55eecc859cf0b3ba8249ef90e44e3b9446f99d,d7637b70029be6cb8fe78e450dcb07767876daea
data_dev/2005/20j_5m_008.fjs,data_dev/2005/20j_5m_008.fjs,3cb5ddb7b298772ddaa4455c964b68306af2b971,d7637b70029be6cb8fe78e450dcb07767876daea
data_dev/2005/20j_5m_009.fjs,data_dev/2005/20j_5m_009.fjs,def3e8549eaf4fbd98a847902d6501d52110d463,d7637b70029be6cb8fe78e450dcb07767876daea
data_dev/2005/20j_5m_010.fjs,data_dev/2005/20j_5m_010.fjs,a78093b71cdda79a69f7d6a132df7d098f5f2922,d7637b70029be6cb8fe78e450dcb07767876daea
data_dev/2005/20j_5m_011.fjs,data_dev/2005/20j_5m_011.fjs,333d4418a45a8c371bbee31749fdda183f5a3ce0,d7637b70029be6cb8fe78e450dcb07767876daea
data_dev/2005/20j_5m_012.fjs,data_dev/2005/20j_5m_012.fjs,b87f6b69e4904c5d41443b193c525378d4d4759b,d7637b70029be6cb8fe78e450dcb07767876daea
data_dev/2005/20j_5m_013.fjs,data_dev/2005/20j_5m_013.fjs,0a365e5bf883239dd96549ab1507f4c6dc36ddae,d7637b70029be6cb8fe78e450dcb07767876daea
data_dev/2005/20j_5m_014.fjs,data_dev/2005/20j_5m_014.fjs,fa5143a7cf4018bca4ebb4842b0c80a5bcb1f938,d7637b70029be6cb8fe78e450dcb07767876daea
data_dev/2005/20j_5m_015.fjs,data_dev/2005/20j_5m_015.fjs,5508d67caaff539089eae88f01dc38a3ff421ff8,d7637b70029be6cb8fe78e450dcb07767876daea
data_dev/2005/20j_5m_016.fjs,data_dev/2005/20j_5m_016.fjs,d4e5e09284231ddf83a293811e1bcd526082adc7,d7637b70029be6cb8fe78e450dcb07767876daea
data_dev/2005/20j_5m_017.fjs,data_dev/2005/20j_5m_017.fjs,d6c0b26295dd31223feec9a02b4e41b52de6d6f4,d7637b70029be6cb8fe78e450dcb07767876daea
data_dev/2005/20j_5m_018.fjs,data_dev/2005/20j_5m_018.fjs,34e57c09d8d82bbc615b80ac8566555a2e4efcab,d7637b70029be6cb8fe78e450dcb07767876daea
data_dev/2005/20j_5m_019.fjs,data_dev/2005/20j_5m_019.fjs,577dbe773168bc0a8b40b2f91ea676260d0bace2,d7637b70029be6cb8fe78e450dcb07767876daea
data_dev/2005/20j_5m_020.fjs,data_dev/2005/20j_5m_020.fjs,09925c487dc217f2c283f022b6cd2ff703ea8da5,d7637b70029be6cb8fe78e450dcb07767876daea
data_dev/2005/20j_5m_021.fjs,data_dev/2005/20j_5m_021.fjs,3746a8eb23583b629c0f67b308100ddd91633fb5,d7637b70029be6cb8fe78e450dcb07767876daea
data_dev/2005/20j_5m_022.fjs,data_dev/2005/20j_5m_022.fjs,0f2e09df3a5c737603506c3b1f43039cf8b3b724,d7637b70029be6cb8fe78e450dcb07767876daea
data_dev/2005/20j_5m_023.fjs,data_dev/2005/20j_5m_023.fjs,26a2e8490040faeed98ab955ecca0275871d3e4e,d7637b70029be6cb8fe78e450dcb07767876daea
data_dev/2005/20j_5m_024.fjs,data_dev/2005/20j_5m_024.fjs,a6f5e646f88c991397ab8d143bdb79f28da1cc97,d7637b70029be6cb8fe78e450dcb07767876daea
data_dev/2005/20j_5m_025.fjs,data_dev/2005/20j_5m_025.fjs,77601de7f5014057306b662fafa3bec340c8a1dc,d7637b70029be6cb8fe78e450dcb07767876daea
data_dev/2005/20j_5m_026.fjs,data_dev/2005/20j_5m_026.fjs,e9a5266f77d70cd0ec58a8c83aa452cfb1a1a918,d7637b70029be6cb8fe78e450dcb07767876daea
data_dev/2005/20j_5m_027.fjs,data_dev/2005/20j_5m_027.fjs,24480a1ad288971813f656b9c672af70ddfd4193,d7637b70029be6cb8fe78e450dcb07767876daea
data_dev/2005/20j_5m_028.fjs,data_dev/2005/20j_5m_028.fjs,bbf75f1ae30b690651820a77548c24e373efc8da,d7637b70029be6cb8fe78e450dcb07767876daea
data_dev/2005/20j_5m_029.fjs,data_dev/2005/20j_5m_029.fjs,b81e46e12a9f5adf5b793c3c806418658df659aa,d7637b70029be6cb8fe78e450dcb07767876daea
data_dev/2005/20j_5m_030.fjs,data_dev/2005/20j_5m_030.fjs,b19663cc95613a70d5265d1a025e762a48ee6bfe,d7637b70029be6cb8fe78e450dcb07767876daea
data_dev/2005/20j_5m_031.fjs,data_dev/2005/20j_5m_031.fjs,bbe86edbd34c6d8c865c841962e0762ae7ef787f,d7637b70029be6cb8fe78e450dcb07767876daea
data_dev/2005/20j_5m_032.fjs,data_dev/2005/20j_5m_032.fjs,4d6b0269c9abbfd852ce748782acf4473f2cd7df,d7637b70029be6cb8fe78e450dcb07767876daea
data_dev/2005/20j_5m_033.fjs,data_dev/2005/20j_5m_033.fjs,7b1a6468f9304b7ef9b5820b07ba701bb1dd4c47,d7637b70029be6cb8fe78e450dcb07767876daea
data_dev/2005/20j_5m_034.fjs,data_dev/2005/20j_5m_034.fjs,17e26375467f5aec025fac23b634c47e31148136,d7637b70029be6cb8fe78e450dcb07767876daea
data_dev/2005/20j_5m_035.fjs,data_dev/2005/20j_5m_035.fjs,05198120a60fb775dc0f42377c4a5478d47d61d1,d7637b70029be6cb8fe78e450dcb07767876daea
data_dev/2005/20j_5m_036.fjs,data_dev/2005/20j_5m_036.fjs,10751928e1543f14b2840cf9f9385dedcc9be8be,d7637b70029be6cb8fe78e450dcb07767876daea
data_dev/2005/20j_5m_037.fjs,data_dev/2005/20j_5m_037.fjs,6aa86a88f517a54c11c9656733cfb1ecf6dbc9c2,d7637b70029be6cb8fe78e450dcb07767876daea
data_dev/2005/20j_5m_038.fjs,data_dev/2005/20j_5m_038.fjs,17f589e29747933726156c60a3d6155d6c8a2403,d7637b70029be6cb8fe78e450dcb07767876daea
data_dev/2005/20j_5m_039.fjs,data_dev/2005/20j_5m_039.fjs,e8ecb20947186557c6b0d8a471aa69250cd49bde,d7637b70029be6cb8fe78e450dcb07767876daea
data_dev/2005/20j_5m_040.fjs,data_dev/2005/20j_5m_040.fjs,ea6c60009a7093f21b67a3cf3629b46d4036779b,d7637b70029be6cb8fe78e450dcb07767876daea
data_dev/2005/20j_5m_041.fjs,data_dev/2005/20j_5m_041.fjs,56e1982255255f292bff9463a53a0b6367984481,d7637b70029be6cb8fe78e450dcb07767876daea
data_dev/2005/20j_5m_042.fjs,data_dev/2005/20j_5m_042.fjs,cf025d677323e305a2bde45172e40d5680530b30,d7637b70029be6cb8fe78e450dcb07767876daea
data_dev/2005/20j_5m_043.fjs,data_dev/2005/20j_5m_043.fjs,a6fce210dde773cca384bbeb8100e61c57689ffb,d7637b70029be6cb8fe78e450dcb07767876daea
data_dev/2005/20j_5m_044.fjs,data_dev/2005/20j_5m_044.fjs,be3878d706f59c13b3a9300fcb5ab05418acaf6a,d7637b70029be6cb8fe78e450dcb07767876daea
data_dev/2005/20j_5m_045.fjs,data_dev/2005/20j_5m_045.fjs,c2af26c937f0601390b040dc580e3e65f2bb571f,d7637b70029be6cb8fe78e450dcb07767876daea
data_dev/2005/20j_5m_046.fjs,data_dev/2005/20j_5m_046.fjs,f30b8df7265348d2c9007d4ae634a1bfc70a83fd,d7637b70029be6cb8fe78e450dcb07767876daea
data_dev/2005/20j_5m_047.fjs,data_dev/2005/20j_5m_047.fjs,dd72218090ac0ae1e79ffa5893564d70c6fc4939,d7637b70029be6cb8fe78e450dcb07767876daea
data_dev/2005/20j_5m_048.fjs,data_dev/2005/20j_5m_048.fjs,168f20edc94959c938cec2c65f5d1acc477fc1d1,d7637b70029be6cb8fe78e450dcb07767876daea
data_dev/2005/20j_5m_049.fjs,data_dev/2005/20j_5m_049.fjs,10584e730720605c899cb4180093ac6457db114f,d7637b70029be6cb8fe78e450dcb07767876daea
data_dev/2005/20j_5m_050.fjs,data_dev/2005/20j_5m_050.fjs,cf638fac48887bd45489b0b4389a19ab4351ef4e,d7637b70029be6cb8fe78e450dcb07767876daea
data_dev/2005/20j_5m_051.fjs,data_dev/2005/20j_5m_051.fjs,e7c62fc2a6308172cd689535c1b9e424e7c22692,d7637b70029be6cb8fe78e450dcb07767876daea
data_dev/2005/20j_5m_052.fjs,data_dev/2005/20j_5m_052.fjs,f27d320b06102b1426b16054fdae8330e870c65b,d7637b70029be6cb8fe78e450dcb07767876daea
data_dev/2005/20j_5m_053.fjs,data_dev/2005/20j_5m_053.fjs,ac50831c832d89026dd8c97d9bd6094cd8b9ac62,d7637b70029be6cb8fe78e450dcb07767876daea
data_dev/2005/20j_5m_054.fjs,data_dev/2005/20j_5m_054.fjs,215f13d3f40b0d7870e87fe41720e1b4ea031d9e,d7637b70029be6cb8fe78e450dcb07767876daea
data_dev/2005/20j_5m_055.fjs,data_dev/2005/20j_5m_055.fjs,7b1b51dab467351d42836e6425cfb53df9798ae0,d7637b70029be6cb8fe78e450dcb07767876daea
data_dev/2005/20j_5m_056.fjs,data_dev/2005/20j_5m_056.fjs,219a7b921ea5eee67a13f0c236701113b1974358,d7637b70029be6cb8fe78e450dcb07767876daea
data_dev/2005/20j_5m_057.fjs,data_dev/2005/20j_5m_057.fjs,775a2ed4e78254ceafe424f0f2335661ff062be7,d7637b70029be6cb8fe78e450dcb07767876daea
data_dev/2005/20j_5m_058.fjs,data_dev/2005/20j_5m_058.fjs,710f84709adc017ab1209c51b36cb222f3a9bfe1,d7637b70029be6cb8fe78e450dcb07767876daea
data_dev/2005/20j_5m_059.fjs,data_dev/2005/20j_5m_059.fjs,da27094963277155ba4e5edffdedaaf3e0cb995d,d7637b70029be6cb8fe78e450dcb07767876daea
data_dev/2005/20j_5m_060.fjs,data_dev/2005/20j_5m_060.fjs,ed694aa4af5c27e6befd05c9d40ae622ee0f15c1,d7637b70029be6cb8fe78e450dcb07767876daea
data_dev/2005/20j_5m_061.fjs,data_dev/2005/20j_5m_061.fjs,70179850e4e3391059e977dda37d2b40a545f986,d7637b70029be6cb8fe78e450dcb07767876daea
data_dev/2005/20j_5m_062.fjs,data_dev/2005/20j_5m_062.fjs,46aa1520068b10428a7440f2e59d9f3e42e6d767,d7637b70029be6cb8fe78e450dcb07767876daea
data_dev/2005/20j_5m_063.fjs,data_dev/2005/20j_5m_063.fjs,bdcf52917f3d5410cee9af3f65bf3f26cc25603a,d7637b70029be6cb8fe78e450dcb07767876daea
data_dev/2005/20j_5m_064.fjs,data_dev/2005/20j_5m_064.fjs,3e18b25e6f22edae500640b300043d5e9d8f038a,d7637b70029be6cb8fe78e450dcb07767876daea
data_dev/2005/20j_5m_065.fjs,data_dev/2005/20j_5m_065.fjs,245408aa5d63d5d3a113cc272f68202d1d965082,d7637b70029be6cb8fe78e450dcb07767876daea
data_dev/2005/20j_5m_066.fjs,data_dev/2005/20j_5m_066.fjs,318e4e6442550cf3d89ecffb401a935eef2d3dd7,d7637b70029be6cb8fe78e450dcb07767876daea
data_dev/2005/20j_5m_067.fjs,data_dev/2005/20j_5m_067.fjs,2ff09178cef6ec876dd2d491ae64cde79dc3d34a,d7637b70029be6cb8fe78e450dcb07767876daea
data_dev/2005/20j_5m_068.fjs,data_dev/2005/20j_5m_068.fjs,0188cd3bbc064ab4f040608662b41fdfdd94ccba,d7637b70029be6cb8fe78e450dcb07767876daea
data_dev/2005/20j_5m_069.fjs,data_dev/2005/20j_5m_069.fjs,9fce0e16733dff5348bdbe0fc3b3f6fecc4bf675,d7637b70029be6cb8fe78e450dcb07767876daea
data_dev/2005/20j_5m_070.fjs,data_dev/2005/20j_5m_070.fjs,b75d3ffb583d77e690c9b4ac801101ef6eeda1f8,d7637b70029be6cb8fe78e450dcb07767876daea
data_dev/2005/20j_5m_071.fjs,data_dev/2005/20j_5m_071.fjs,eb59dddb9190306cfd48cc8c1422c5fd7a17c311,d7637b70029be6cb8fe78e450dcb07767876daea
data_dev/2005/20j_5m_072.fjs,data_dev/2005/20j_5m_072.fjs,cf28de167f3ac4710bfae0a16e043207e26f539b,d7637b70029be6cb8fe78e450dcb07767876daea
data_dev/2005/20j_5m_073.fjs,data_dev/2005/20j_5m_073.fjs,c351b2d45c7333b12037eb47f86aa993b75f5ec6,d7637b70029be6cb8fe78e450dcb07767876daea
data_dev/2005/20j_5m_074.fjs,data_dev/2005/20j_5m_074.fjs,5946bf315a2fbdc7d41adbabc163e369139f3bc1,d7637b70029be6cb8fe78e450dcb07767876daea
data_dev/2005/20j_5m_075.fjs,data_dev/2005/20j_5m_075.fjs,63e52fbaa30cd2a9e6a45f8ca876a1bb0d2beeba,d7637b70029be6cb8fe78e450dcb07767876daea
data_dev/2005/20j_5m_076.fjs,data_dev/2005/20j_5m_076.fjs,afc2bd80eace2ecacd050f88a4c021e051e4737f,d7637b70029be6cb8fe78e450dcb07767876daea
data_dev/2005/20j_5m_077.fjs,data_dev/2005/20j_5m_077.fjs,06cfa329183168fa94036b3d18368e656c8c9d8f,d7637b70029be6cb8fe78e450dcb07767876daea
data_dev/2005/20j_5m_078.fjs,data_dev/2005/20j_5m_078.fjs,51a0ec0b69a8529d9bfa7190a7376f909827a32b,d7637b70029be6cb8fe78e450dcb07767876daea
data_dev/2005/20j_5m_079.fjs,data_dev/2005/20j_5m_079.fjs,d61e456c0fb3a978ac37a4c11b4cd636098219f6,d7637b70029be6cb8fe78e450dcb07767876daea
data_dev/2005/20j_5m_080.fjs,data_dev/2005/20j_5m_080.fjs,9d36e7e5fc7e92f1e7cf8cc636b588bde18fc58a,d7637b70029be6cb8fe78e450dcb07767876daea
data_dev/2005/20j_5m_081.fjs,data_dev/2005/20j_5m_081.fjs,bee7c9542dab327c6b4e671d20ce98c0c84f0fdb,d7637b70029be6cb8fe78e450dcb07767876daea
data_dev/2005/20j_5m_082.fjs,data_dev/2005/20j_5m_082.fjs,a1509abd57f0b4d90df2a47c4661367dbbf7ac33,d7637b70029be6cb8fe78e450dcb07767876daea
data_dev/2005/20j_5m_083.fjs,data_dev/2005/20j_5m_083.fjs,f05d35d14ee4ff2251db89e2f5bc852add03e0ea,d7637b70029be6cb8fe78e450dcb07767876daea
data_dev/2005/20j_5m_084.fjs,data_dev/2005/20j_5m_084.fjs,fbe96e9bac634ed664099047242cae0eb0e4d421,d7637b70029be6cb8fe78e450dcb07767876daea
data_dev/2005/20j_5m_085.fjs,data_dev/2005/20j_5m_085.fjs,defe5d2c259518d3c1c42b82a85e647bc9e9180e,d7637b70029be6cb8fe78e450dcb07767876daea
data_dev/2005/20j_5m_086.fjs,data_dev/2005/20j_5m_086.fjs,cc987973b319af4cad35b546176f2220b669bbf7,d7637b70029be6cb8fe78e450dcb07767876daea
data_dev/2005/20j_5m_087.fjs,data_dev/2005/20j_5m_087.fjs,6c9536dd9538e51c20811a37e7d55ce1f2389fee,d7637b70029be6cb8fe78e450dcb07767876daea
data_dev/2005/20j_5m_088.fjs,data_dev/2005/20j_5m_088.fjs,4b2b2c4f53f061afb4fa5af053e2f512911a2378,d7637b70029be6cb8fe78e450dcb07767876daea
data_dev/2005/20j_5m_089.fjs,data_dev/2005/20j_5m_089.fjs,11d174c322b942eebc205eb8fb8e442d41d5a06f,d7637b70029be6cb8fe78e450dcb07767876daea
data_dev/2005/20j_5m_090.fjs,data_dev/2005/20j_5m_090.fjs,3e616cf6a31688b9d61f83356526a0c270f4446d,d7637b70029be6cb8fe78e450dcb07767876daea
data_dev/2005/20j_5m_091.fjs,data_dev/2005/20j_5m_091.fjs,e1e909592945e98f1399dce7526ad5a079ad69aa,d7637b70029be6cb8fe78e450dcb07767876daea
data_dev/2005/20j_5m_092.fjs,data_dev/2005/20j_5m_092.fjs,b1f266348038a4623ae8deba696d87202234affd,d7637b70029be6cb8fe78e450dcb07767876daea
data_dev/2005/20j_5m_093.fjs,data_dev/2005/20j_5m_093.fjs,d71404e6b394f5a0e35d762a9706a3452e80bb72,d7637b70029be6cb8fe78e450dcb07767876daea
data_dev/2005/20j_5m_094.fjs,data_dev/2005/20j_5m_094.fjs,0dd03735764d5f162e87067244fe958d72408577,d7637b70029be6cb8fe78e450dcb07767876daea
data_dev/2005/20j_5m_095.fjs,data_dev/2005/20j_5m_095.fjs,7459f6aa016389a896324c42aa63c85f645916e0,d7637b70029be6cb8fe78e450dcb07767876daea
data_dev/2005/20j_5m_096.fjs,data_dev/2005/20j_5m_096.fjs,949af8d6deb65b43e8d4e81c759398f5738fb8fa,d7637b70029be6cb8fe78e450dcb07767876daea
data_dev/2005/20j_5m_097.fjs,data_dev/2005/20j_5m_097.fjs,bd9ea87cce72be7c2c4ec62963e7609026cfc0fb,d7637b70029be6cb8fe78e450dcb07767876daea
data_dev/2005/20j_5m_098.fjs,data_dev/2005/20j_5m_098.fjs,011bb4afdadf02de7760ff434339ee45296317a2,d7637b70029be6cb8fe78e450dcb07767876daea
data_dev/2005/20j_5m_099.fjs,data_dev/2005/20j_5m_099.fjs,104c33623f61bee68cfd31e9f13b0be7f10bcfd9,d7637b70029be6cb8fe78e450dcb07767876daea
data_dev/2005/20j_5m_100.fjs,data_dev/2005/20j_5m_100.fjs,9ad881dc6c2dd9e4552840de3de708624151c926,d7637b70029be6cb8fe78e450dcb07767876daea
data_dev/2010/20j_10m_001.fjs,data_dev/2010/20j_10m_001.fjs,de3e16b8eb3935c2bed5e80a5951f62d632177d9,d7637b70029be6cb8fe78e450dcb07767876daea
data_dev/2010/20j_10m_002.fjs,data_dev/2010/20j_10m_002.fjs,f2fe16d35bb4333cb90ec044b111502c5854cd9f,d7637b70029be6cb8fe78e450dcb07767876daea
data_dev/2010/20j_10m_003.fjs,data_dev/2010/20j_10m_003.fjs,bf862b37ff6b236dca934cd580dc1fb530ff397d,d7637b70029be6cb8fe78e450dcb07767876daea
data_dev/2010/20j_10m_004.fjs,data_dev/2010/20j_10m_004.fjs,f83e6ae34deddadf8fd504c71deec298bfac8500,d7637b70029be6cb8fe78e450dcb07767876daea
data_dev/2010/20j_10m_005.fjs,data_dev/2010/20j_10m_005.fjs,91bc04100e64fe58c3766ea88e26ab368d792fcf,d7637b70029be6cb8fe78e450dcb07767876daea
data_dev/2010/20j_10m_006.fjs,data_dev/2010/20j_10m_006.fjs,8a2348ed7b4abb39cba3faf8c28038d31615b87c,d7637b70029be6cb8fe78e450dcb07767876daea
data_dev/2010/20j_10m_007.fjs,data_dev/2010/20j_10m_007.fjs,6afc6633bb48526eb1e6b6dbaff05bf36589952a,d7637b70029be6cb8fe78e450dcb07767876daea
data_dev/2010/20j_10m_008.fjs,data_dev/2010/20j_10m_008.fjs,777243d3716a53f1cc7c93554eeddd4a731b71fb,d7637b70029be6cb8fe78e450dcb07767876daea
data_dev/2010/20j_10m_009.fjs,data_dev/2010/20j_10m_009.fjs,6deea8f0c95b0836f4ba40074a57324fec59c9af,d7637b70029be6cb8fe78e450dcb07767876daea
data_dev/2010/20j_10m_010.fjs,data_dev/2010/20j_10m_010.fjs,1cf26eb4927a0ca4cfd3bf2debb90957314b62a8,d7637b70029be6cb8fe78e450dcb07767876daea
data_dev/2010/20j_10m_011.fjs,data_dev/2010/20j_10m_011.fjs,747832517bc87d838ec6bb0a9d735b27600379a1,d7637b70029be6cb8fe78e450dcb07767876daea
data_dev/2010/20j_10m_012.fjs,data_dev/2010/20j_10m_012.fjs,3a5e25e15c11b71913d696a114036a5967361e59,d7637b70029be6cb8fe78e450dcb07767876daea
data_dev/2010/20j_10m_013.fjs,data_dev/2010/20j_10m_013.fjs,2a8f350316470f1af30757d9ed7b4400c2b26f02,d7637b70029be6cb8fe78e450dcb07767876daea
data_dev/2010/20j_10m_014.fjs,data_dev/2010/20j_10m_014.fjs,635fe9263db2bfd1f16454906f60cb6ef709d251,d7637b70029be6cb8fe78e450dcb07767876daea
data_dev/2010/20j_10m_015.fjs,data_dev/2010/20j_10m_015.fjs,e8f3db86301275050bfe8955fb75cd095f516223,d7637b70029be6cb8fe78e450dcb07767876daea
data_dev/2010/20j_10m_016.fjs,data_dev/2010/20j_10m_016.fjs,9ab0def5925bc6e78ca2b878b4d6a1ce4040fd75,d7637b70029be6cb8fe78e450dcb07767876daea
data_dev/2010/20j_10m_017.fjs,data_dev/2010/20j_10m_017.fjs,c8b4e8d934bbc17716a1a777d29b8a074691f748,d7637b70029be6cb8fe78e450dcb07767876daea
data_dev/2010/20j_10m_018.fjs,data_dev/2010/20j_10m_018.fjs,aa856e5b75a05d8643586a7f45b74cfecbf51b89,d7637b70029be6cb8fe78e450dcb07767876daea
data_dev/2010/20j_10m_019.fjs,data_dev/2010/20j_10m_019.fjs,291927ffc7974b21f56e6db96d8331d9d8ddcd88,d7637b70029be6cb8fe78e450dcb07767876daea
data_dev/2010/20j_10m_020.fjs,data_dev/2010/20j_10m_020.fjs,6894702f7610dd875f5cd4edbd341ed32e6d5a52,d7637b70029be6cb8fe78e450dcb07767876daea
data_dev/2010/20j_10m_021.fjs,data_dev/2010/20j_10m_021.fjs,8f592eaecad33043956188736de6ec1057a12028,d7637b70029be6cb8fe78e450dcb07767876daea
data_dev/2010/20j_10m_022.fjs,data_dev/2010/20j_10m_022.fjs,bb73e241b6af37fa544c72435c0b42a26bd80acb,d7637b70029be6cb8fe78e450dcb07767876daea
data_dev/2010/20j_10m_023.fjs,data_dev/2010/20j_10m_023.fjs,8ae04bbec79bf9434156419f1756c324e29fdab0,d7637b70029be6cb8fe78e450dcb07767876daea
data_dev/2010/20j_10m_024.fjs,data_dev/2010/20j_10m_024.fjs,31e13357a916e767c302f63aae45c37b88dc47a8,d7637b70029be6cb8fe78e450dcb07767876daea
data_dev/2010/20j_10m_025.fjs,data_dev/2010/20j_10m_025.fjs,d425e158b8fb39844f8055a0e3743d1450e5f01c,d7637b70029be6cb8fe78e450dcb07767876daea
data_dev/2010/20j_10m_026.fjs,data_dev/2010/20j_10m_026.fjs,a696d9055aeb92516235dd4015b393c12e83901e,d7637b70029be6cb8fe78e450dcb07767876daea
data_dev/2010/20j_10m_027.fjs,data_dev/2010/20j_10m_027.fjs,7895fbf11565703d3012982656ea1f7ce03a0eb0,d7637b70029be6cb8fe78e450dcb07767876daea
data_dev/2010/20j_10m_028.fjs,data_dev/2010/20j_10m_028.fjs,926eda73cc9c210b86976806f5c37be9f7f2edac,d7637b70029be6cb8fe78e450dcb07767876daea
data_dev/2010/20j_10m_029.fjs,data_dev/2010/20j_10m_029.fjs,aeefa53e7d024f61b392b5166ace519f0d0876a6,d7637b70029be6cb8fe78e450dcb07767876daea
data_dev/2010/20j_10m_030.fjs,data_dev/2010/20j_10m_030.fjs,6f32d9da8e9c080be296eac0c31966eee5984e6d,d7637b70029be6cb8fe78e450dcb07767876daea
data_dev/2010/20j_10m_031.fjs,data_dev/2010/20j_10m_031.fjs,de52ef7a14ba014505c7d89c5e63d6efa5acbd0e,d7637b70029be6cb8fe78e450dcb07767876daea
data_dev/2010/20j_10m_032.fjs,data_dev/2010/20j_10m_032.fjs,68c021cc01f158a629e9be16b2df05edb6919da8,d7637b70029be6cb8fe78e450dcb07767876daea
data_dev/2010/20j_10m_033.fjs,data_dev/2010/20j_10m_033.fjs,28fd12f5e984357296a01e9fc67632eba7dd0b28,d7637b70029be6cb8fe78e450dcb07767876daea
data_dev/2010/20j_10m_034.fjs,data_dev/2010/20j_10m_034.fjs,7e99be9af8cfe27885b02de42503f884ad68320c,d7637b70029be6cb8fe78e450dcb07767876daea
data_dev/2010/20j_10m_035.fjs,data_dev/2010/20j_10m_035.fjs,321fc670077c036fa4f426270c8a2dddc841d0ce,d7637b70029be6cb8fe78e450dcb07767876daea
data_dev/2010/20j_10m_036.fjs,data_dev/2010/20j_10m_036.fjs,3490c49789917bcb6cdc9859099c05ee4ce3d7b8,d7637b70029be6cb8fe78e450dcb07767876daea
data_dev/2010/20j_10m_037.fjs,data_dev/2010/20j_10m_037.fjs,b044236fc2a8d5a0652a17c400cba45fd0fdad8f,d7637b70029be6cb8fe78e450dcb07767876daea
data_dev/2010/20j_10m_038.fjs,data_dev/2010/20j_10m_038.fjs,d6240ce46c570dbcf0f7e3769dec38f56f3a5f9c,d7637b70029be6cb8fe78e450dcb07767876daea
data_dev/2010/20j_10m_039.fjs,data_dev/2010/20j_10m_039.fjs,e2cb3ffde0740f885f162e0617ed059bc388faf8,d7637b70029be6cb8fe78e450dcb07767876daea
data_dev/2010/20j_10m_040.fjs,data_dev/2010/20j_10m_040.fjs,2cb08c00d8c7870611a475597ae9414d4b028c4f,d7637b70029be6cb8fe78e450dcb07767876daea
data_dev/2010/20j_10m_041.fjs,data_dev/2010/20j_10m_041.fjs,a9007b15a88f7c1e752677a71a4afbac4822459f,d7637b70029be6cb8fe78e450dcb07767876daea
data_dev/2010/20j_10m_042.fjs,data_dev/2010/20j_10m_042.fjs,aa33fcc29b6f965b772ac6e05e89a8922c5ba9dc,d7637b70029be6cb8fe78e450dcb07767876daea
data_dev/2010/20j_10m_043.fjs,data_dev/2010/20j_10m_043.fjs,5168563322428e5816c5920ac8322dae0182ad0e,d7637b70029be6cb8fe78e450dcb07767876daea
data_dev/2010/20j_10m_044.fjs,data_dev/2010/20j_10m_044.fjs,4c15ee12baa00956906aa7e9ca09b4e841a52a11,d7637b70029be6cb8fe78e450dcb07767876daea
data_dev/2010/20j_10m_045.fjs,data_dev/2010/20j_10m_045.fjs,dfa2872f90e75d272c2de423430d212a1cb12f35,d7637b70029be6cb8fe78e450dcb07767876daea
data_dev/2010/20j_10m_046.fjs,data_dev/2010/20j_10m_046.fjs,3df0900c625344a86ae3bf8a6701dc8f745d5fe4,d7637b70029be6cb8fe78e450dcb07767876daea
data_dev/2010/20j_10m_047.fjs,data_dev/2010/20j_10m_047.fjs,e221ec2c0327008d3616c8871ba83480e4744312,d7637b70029be6cb8fe78e450dcb07767876daea
data_dev/2010/20j_10m_048.fjs,data_dev/2010/20j_10m_048.fjs,e14ee1f176ad437464b6784b0b4d47d8b3841802,d7637b70029be6cb8fe78e450dcb07767876daea
data_dev/2010/20j_10m_049.fjs,data_dev/2010/20j_10m_049.fjs,2df9ddda87f6da523345f66b465fb0abd87996a1,d7637b70029be6cb8fe78e450dcb07767876daea
data_dev/2010/20j_10m_050.fjs,data_dev/2010/20j_10m_050.fjs,67a72faa38f502f608eb09544bd06ac181d8a633,d7637b70029be6cb8fe78e450dcb07767876daea
data_dev/2010/20j_10m_051.fjs,data_dev/2010/20j_10m_051.fjs,c533364f25f000315a6d092ac313b330672f68a6,d7637b70029be6cb8fe78e450dcb07767876daea
data_dev/2010/20j_10m_052.fjs,data_dev/2010/20j_10m_052.fjs,e0d8f138ce09d163f1c13e0bfb72557ef506806f,d7637b70029be6cb8fe78e450dcb07767876daea
data_dev/2010/20j_10m_053.fjs,data_dev/2010/20j_10m_053.fjs,3aabadfd8aee43250d2b8937234dca2e85c03f3e,d7637b70029be6cb8fe78e450dcb07767876daea
data_dev/2010/20j_10m_054.fjs,data_dev/2010/20j_10m_054.fjs,7e591b107db8763e68c84a15b43b1dfd88ba9210,d7637b70029be6cb8fe78e450dcb07767876daea
data_dev/2010/20j_10m_055.fjs,data_dev/2010/20j_10m_055.fjs,48c4ebc87a7506f98701b827863f645d3b1d49ba,d7637b70029be6cb8fe78e450dcb07767876daea
data_dev/2010/20j_10m_056.fjs,data_dev/2010/20j_10m_056.fjs,1314c3edec6a56a9d687a49fd473b8c76cedb3e1,d7637b70029be6cb8fe78e450dcb07767876daea
data_dev/2010/20j_10m_057.fjs,data_dev/2010/20j_10m_057.fjs,a024b81539847fcd27d0b8f3a092be0f7181045c,d7637b70029be6cb8fe78e450dcb07767876daea
data_dev/2010/20j_10m_058.fjs,data_dev/2010/20j_10m_058.fjs,77a5ac0ca5f6263a259a74d95eb7e27b589d883a,d7637b70029be6cb8fe78e450dcb07767876daea
data_dev/2010/20j_10m_059.fjs,data_dev/2010/20j_10m_059.fjs,e8e936b4b3d1136f88973ea9174bace12f045219,d7637b70029be6cb8fe78e450dcb07767876daea
data_dev/2010/20j_10m_060.fjs,data_dev/2010/20j_10m_060.fjs,0bdd391adaa0f278842a917d1b70d23d4bf42cff,d7637b70029be6cb8fe78e450dcb07767876daea
data_dev/2010/20j_10m_061.fjs,data_dev/2010/20j_10m_061.fjs,9db631506171ca0f366ede69f19c37f427b9400e,d7637b70029be6cb8fe78e450dcb07767876daea
data_dev/2010/20j_10m_062.fjs,data_dev/2010/20j_10m_062.fjs,dd38c6b6cb76ccb5a757fde807947a8addb8476f,d7637b70029be6cb8fe78e450dcb07767876daea
data_dev/2010/20j_10m_063.fjs,data_dev/2010/20j_10m_063.fjs,0cbb06b3dba043df91ebc19188eb6ce50e836e0b,d7637b70029be6cb8fe78e450dcb07767876daea
data_dev/2010/20j_10m_064.fjs,data_dev/2010/20j_10m_064.fjs,23802163798401d8fbdee59fffbf90bf0ffc198f,d7637b70029be6cb8fe78e450dcb07767876daea
data_dev/2010/20j_10m_065.fjs,data_dev/2010/20j_10m_065.fjs,20b6e030924f0e5dd3a063b599a5571ce6dfe4fa,d7637b70029be6cb8fe78e450dcb07767876daea
data_dev/2010/20j_10m_066.fjs,data_dev/2010/20j_10m_066.fjs,22a7613c8b3db91ec3c88f5fce06c26a6c8bb42d,d7637b70029be6cb8fe78e450dcb07767876daea
data_dev/2010/20j_10m_067.fjs,data_dev/2010/20j_10m_067.fjs,6665d5d7d441d50eb6e24097f0d3aab6c7720242,d7637b70029be6cb8fe78e450dcb07767876daea
data_dev/2010/20j_10m_068.fjs,data_dev/2010/20j_10m_068.fjs,65411d37d5795f5deb513a54ff2ff1bb8c692165,d7637b70029be6cb8fe78e450dcb07767876daea
data_dev/2010/20j_10m_069.fjs,data_dev/2010/20j_10m_069.fjs,6115b8b7fbaad50d3d96c0f7d20b4001cd29dc49,d7637b70029be6cb8fe78e450dcb07767876daea
data_dev/2010/20j_10m_070.fjs,data_dev/2010/20j_10m_070.fjs,8d6704957d63f2a504f4de4419349f6bad3e0d2e,d7637b70029be6cb8fe78e450dcb07767876daea
data_dev/2010/20j_10m_071.fjs,data_dev/2010/20j_10m_071.fjs,eb85f65970f6162f0087442ac9a49fbf28a9a355,d7637b70029be6cb8fe78e450dcb07767876daea
data_dev/2010/20j_10m_072.fjs,data_dev/2010/20j_10m_072.fjs,aa8a286f90ac4914953a1afe76910f9e80ff1eb7,d7637b70029be6cb8fe78e450dcb07767876daea
data_dev/2010/20j_10m_073.fjs,data_dev/2010/20j_10m_073.fjs,67cbe31be335542db55ac60e9422d7a95d77918f,d7637b70029be6cb8fe78e450dcb07767876daea
data_dev/2010/20j_10m_074.fjs,data_dev/2010/20j_10m_074.fjs,a16b370eb4cb481e3563a4cc28ce42b699b9c982,d7637b70029be6cb8fe78e450dcb07767876daea
data_dev/2010/20j_10m_075.fjs,data_dev/2010/20j_10m_075.fjs,2392c0580e661bbfddcc3189bdfd0dacbc7bf267,d7637b70029be6cb8fe78e450dcb07767876daea
data_dev/2010/20j_10m_076.fjs,data_dev/2010/20j_10m_076.fjs,ba25345fb8d51cf019f4ca9e2d69dfe7f4bbd75e,d7637b70029be6cb8fe78e450dcb07767876daea
data_dev/2010/20j_10m_077.fjs,data_dev/2010/20j_10m_077.fjs,55f2550a76148ca820507510976f152510da57ec,d7637b70029be6cb8fe78e450dcb07767876daea
data_dev/2010/20j_10m_078.fjs,data_dev/2010/20j_10m_078.fjs,04db09daddd29d09ba7f719a46b76e93d59c7462,d7637b70029be6cb8fe78e450dcb07767876daea
data_dev/2010/20j_10m_079.fjs,data_dev/2010/20j_10m_079.fjs,741f39bf03c16a98dff2aadfd6561100b4b4f052,d7637b70029be6cb8fe78e450dcb07767876daea
data_dev/2010/20j_10m_080.fjs,data_dev/2010/20j_10m_080.fjs,8bc5c05090f6bdc5eb062de84f555d5f272ba549,d7637b70029be6cb8fe78e450dcb07767876daea
data_dev/2010/20j_10m_081.fjs,data_dev/2010/20j_10m_081.fjs,21ef1a72dc4ee1869af678031495e80067405d16,d7637b70029be6cb8fe78e450dcb07767876daea
data_dev/2010/20j_10m_082.fjs,data_dev/2010/20j_10m_082.fjs,8514645b7510e7ee60b044f4624b0e7ae4681a0b,d7637b70029be6cb8fe78e450dcb07767876daea
data_dev/2010/20j_10m_083.fjs,data_dev/2010/20j_10m_083.fjs,8bc4f7868d9ce7fa12a91707f36afa60e01f156b,d7637b70029be6cb8fe78e450dcb07767876daea
data_dev/2010/20j_10m_084.fjs,data_dev/2010/20j_10m_084.fjs,97f4257638bf5b6563db9c6ad0cfa1473f95a59c,d7637b70029be6cb8fe78e450dcb07767876daea
data_dev/2010/20j_10m_085.fjs,data_dev/2010/20j_10m_085.fjs,2580d1b9014759f93b0240b81d624105fd03cce8,d7637b70029be6cb8fe78e450dcb07767876daea
data_dev/2010/20j_10m_086.fjs,data_dev/2010/20j_10m_086.fjs,60878d84fe5926d8c2a96be34bbfc451718620d3,d7637b70029be6cb8fe78e450dcb07767876daea
data_dev/2010/20j_10m_087.fjs,data_dev/2010/20j_10m_087.fjs,2d3979ef5cc4c81aa34e2cc0867da72ef5352f88,d7637b70029be6cb8fe78e450dcb07767876daea
data_dev/2010/20j_10m_088.fjs,data_dev/2010/20j_10m_088.fjs,c5a7486ed8aa443822af23b283a3a6bedc256628,d7637b70029be6cb8fe78e450dcb07767876daea
data_dev/2010/20j_10m_089.fjs,data_dev/2010/20j_10m_089.fjs,f52a5cb99548e17eaad42a9df6832787190fe81d,d7637b70029be6cb8fe78e450dcb07767876daea
data_dev/2010/20j_10m_090.fjs,data_dev/2010/20j_10m_090.fjs,e24e2c2ec22c7eb028ae7fe9f21212fbec56d4af,d7637b70029be6cb8fe78e450dcb07767876daea
data_dev/2010/20j_10m_091.fjs,data_dev/2010/20j_10m_091.fjs,e15056659da9bba6a4b57aa5cb87c321be34484c,d7637b70029be6cb8fe78e450dcb07767876daea
data_dev/2010/20j_10m_092.fjs,data_dev/2010/20j_10m_092.fjs,300adbce4e8d572affba52f9d3320e5e411f8eba,d7637b70029be6cb8fe78e450dcb07767876daea
data_dev/2010/20j_10m_093.fjs,data_dev/2010/20j_10m_093.fjs,e7adbac592a81177cfaf1a712fff86d93129e10d,d7637b70029be6cb8fe78e450dcb07767876daea
data_dev/2010/20j_10m_094.fjs,data_dev/2010/20j_10m_094.fjs,bdace6efa1f772b092f50cfe4f40e183cccdc6af,d7637b70029be6cb8fe78e450dcb07767876daea
data_dev/2010/20j_10m_095.fjs,data_dev/2010/20j_10m_095.fjs,b1f0ddcb354396ab9bef8535ae5ff0ccb855f9d3,d7637b70029be6cb8fe78e450dcb07767876daea
data_dev/2010/20j_10m_096.fjs,data_dev/2010/20j_10m_096.fjs,22fc61d944e4e3d616f76c1f1ee09ed6e575e5b7,d7637b70029be6cb8fe78e450dcb07767876daea
data_dev/2010/20j_10m_097.fjs,data_dev/2010/20j_10m_097.fjs,b7a45cf3b79c791b4acb0721eb20c1b67e64f01f,d7637b70029be6cb8fe78e450dcb07767876daea
data_dev/2010/20j_10m_098.fjs,data_dev/2010/20j_10m_098.fjs,d8d4497e109ae56a692d17fc003b11456261015e,d7637b70029be6cb8fe78e450dcb07767876daea
data_dev/2010/20j_10m_099.fjs,data_dev/2010/20j_10m_099.fjs,ffaebd245a7d08f6a5fc13933241f00cd2e96a71,d7637b70029be6cb8fe78e450dcb07767876daea
data_dev/2010/20j_10m_100.fjs,data_dev/2010/20j_10m_100.fjs,9a7025b7fc8384a0889e846626e52df43cf8e160,d7637b70029be6cb8fe78e450dcb07767876daea
data_test/1005/3128_10j_5m.fjs,data_test/1005/3128_10j_5m.fjs,3afd1c47cda4b3c143730730ff8c0172d3d73992,d7637b70029be6cb8fe78e450dcb07767876daea
data_test/1005/3129_10j_5m.fjs,data_test/1005/3129_10j_5m.fjs,32f66e612dd692e9e0c48200889a311389aa1036,d7637b70029be6cb8fe78e450dcb07767876daea
data_test/1005/3130_10j_5m.fjs,data_test/1005/3130_10j_5m.fjs,55c13e75460c6e849c0260b1f0e776fc2b635ea1,d7637b70029be6cb8fe78e450dcb07767876daea
data_test/1005/3131_10j_5m.fjs,data_test/1005/3131_10j_5m.fjs,85cc9a4bbe299d9f929435923960aa937377f1f5,d7637b70029be6cb8fe78e450dcb07767876daea
data_test/1005/3133_10j_5m.fjs,data_test/1005/3133_10j_5m.fjs,8ee18a6d60c4dc48dfde3373758bc80473da303c,d7637b70029be6cb8fe78e450dcb07767876daea
data_test/1005/3134_10j_5m.fjs,data_test/1005/3134_10j_5m.fjs,68c6f9aa14b6ed495a0bad94df40de38a30a4b81,d7637b70029be6cb8fe78e450dcb07767876daea
data_test/1005/3135_10j_5m.fjs,data_test/1005/3135_10j_5m.fjs,e36cd0b0f48cadd208e6f10b602956ca9aa447da,d7637b70029be6cb8fe78e450dcb07767876daea
data_test/1005/3136_10j_5m.fjs,data_test/1005/3136_10j_5m.fjs,c6ee530542471b628317d76792548a842a42f9d9,d7637b70029be6cb8fe78e450dcb07767876daea
data_test/1005/3137_10j_5m.fjs,data_test/1005/3137_10j_5m.fjs,b5ead3d24a58a2e47eb33823d9ca13e3eddef9b0,d7637b70029be6cb8fe78e450dcb07767876daea
data_test/1005/3138_10j_5m.fjs,data_test/1005/3138_10j_5m.fjs,c1ca2b064d0048303ce6eaaaa0014edd4dbbdf77,d7637b70029be6cb8fe78e450dcb07767876daea
data_test/1005/3139_10j_5m.fjs,data_test/1005/3139_10j_5m.fjs,9c65b498ff47e4664d8041e1550d99a4bc4762e5,d7637b70029be6cb8fe78e450dcb07767876daea
data_test/1005/3140_10j_5m.fjs,data_test/1005/3140_10j_5m.fjs,935d8f073b99790d581342a2e08ff64bffa2917a,d7637b70029be6cb8fe78e450dcb07767876daea
data_test/1005/3141_10j_5m.fjs,data_test/1005/3141_10j_5m.fjs,3f47760d63bddd3331d8cf0d0cb688bd85026c9b,d7637b70029be6cb8fe78e450dcb07767876daea
data_test/1005/3142_10j_5m.fjs,data_test/1005/3142_10j_5m.fjs,01bd1ceb60509c663a19f75690526ae48d505daf,d7637b70029be6cb8fe78e450dcb07767876daea
data_test/1005/3144_10j_5m.fjs,data_test/1005/3144_10j_5m.fjs,cb87f0436e61b88d555f0a1584a3dc017cde029e,d7637b70029be6cb8fe78e450dcb07767876daea
data_test/1005/3145_10j_5m.fjs,data_test/1005/3145_10j_5m.fjs,e3b6fb39741c020e96f8d96a5c7baf11346cf651,d7637b70029be6cb8fe78e450dcb07767876daea
data_test/1005/3146_10j_5m.fjs,data_test/1005/3146_10j_5m.fjs,3ddfa65cbe9be7d27f52fe9c456a15763672d552,d7637b70029be6cb8fe78e450dcb07767876daea
data_test/1005/3147_10j_5m.fjs,data_test/1005/3147_10j_5m.fjs,9de71978e8d033a24eadbec80c6732e4cba732a2,d7637b70029be6cb8fe78e450dcb07767876daea
data_test/1005/3148_10j_5m.fjs,data_test/1005/3148_10j_5m.fjs,10ccae2b7fac6c52043995e96ea6df671db64d3a,d7637b70029be6cb8fe78e450dcb07767876daea
data_test/1005/3149_10j_5m.fjs,data_test/1005/3149_10j_5m.fjs,3949cd9b3147334013e99901745ccc58212837bb,d7637b70029be6cb8fe78e450dcb07767876daea
data_test/1005/3150_10j_5m.fjs,data_test/1005/3150_10j_5m.fjs,3f7ddd869e7c488bbf4d562ea63bde65851ab243,d7637b70029be6cb8fe78e450dcb07767876daea
data_test/1005/3151_10j_5m.fjs,data_test/1005/3151_10j_5m.fjs,8656f6766a9fd06a7e5f89fe9ad12c67e32e11f9,d7637b70029be6cb8fe78e450dcb07767876daea
data_test/1005/3152_10j_5m.fjs,data_test/1005/3152_10j_5m.fjs,5e62adbde2a02aae672eb8b21d552b0676ea22bc,d7637b70029be6cb8fe78e450dcb07767876daea
data_test/1005/3153_10j_5m.fjs,data_test/1005/3153_10j_5m.fjs,76cfe26073c2b9a5b374069325cf4400cbbf0afa,d7637b70029be6cb8fe78e450dcb07767876daea
data_test/1005/3155_10j_5m.fjs,data_test/1005/3155_10j_5m.fjs,a4671323178a547037d661220bf355f38ade7e12,d7637b70029be6cb8fe78e450dcb07767876daea
data_test/1005/3156_10j_5m.fjs,data_test/1005/3156_10j_5m.fjs,1ebbb534ba5ae3709aed2f43dfe397061a55bbc0,d7637b70029be6cb8fe78e450dcb07767876daea
data_test/1005/3157_10j_5m.fjs,data_test/1005/3157_10j_5m.fjs,762b67247311889f0c5fc879515b2985fef6fb8a,d7637b70029be6cb8fe78e450dcb07767876daea
data_test/1005/3158_10j_5m.fjs,data_test/1005/3158_10j_5m.fjs,479cf48310cf996dbfacf0f41f454b4c7f5eaa86,d7637b70029be6cb8fe78e450dcb07767876daea
data_test/1005/3159_10j_5m.fjs,data_test/1005/3159_10j_5m.fjs,575ef8c898d7db9ac91fdea2405371a234e07e5e,d7637b70029be6cb8fe78e450dcb07767876daea
data_test/1005/3200_10j_5m.fjs,data_test/1005/3200_10j_5m.fjs,55b85e4f4bffdeaafd030e44d01026afbae0bc40,d7637b70029be6cb8fe78e450dcb07767876daea
data_test/1005/3201_10j_5m.fjs,data_test/1005/3201_10j_5m.fjs,ad43fe7a4cf7926495995394248356c7142120e9,d7637b70029be6cb8fe78e450dcb07767876daea
data_test/1005/3202_10j_5m.fjs,data_test/1005/3202_10j_5m.fjs,c4b25e70ccc4ea547114ac81f6fc7cd4f443b32c,d7637b70029be6cb8fe78e450dcb07767876daea
data_test/1005/3203_10j_5m.fjs,data_test/1005/3203_10j_5m.fjs,48e85d3599c73a8a427dec1f06bc0f112d5b0880,d7637b70029be6cb8fe78e450dcb07767876daea
data_test/1005/3205_10j_5m.fjs,data_test/1005/3205_10j_5m.fjs,4de51f90f8cb0977a94608ad8d1b272f43457fa0,d7637b70029be6cb8fe78e450dcb07767876daea
data_test/1005/3206_10j_5m.fjs,data_test/1005/3206_10j_5m.fjs,d9b100d3de6bf5bd3b84e1d41270fe6e2ffb025e,d7637b70029be6cb8fe78e450dcb07767876daea
data_test/1005/3207_10j_5m.fjs,data_test/1005/3207_10j_5m.fjs,ae8d44587dc71f211d5399d2dd7e78f50fa36a25,d7637b70029be6cb8fe78e450dcb07767876daea
data_test/1005/3208_10j_5m.fjs,data_test/1005/3208_10j_5m.fjs,4c40b57e501e628708ee2125cb4bb19419d17c92,d7637b70029be6cb8fe78e450dcb07767876daea
data_test/1005/3209_10j_5m.fjs,data_test/1005/3209_10j_5m.fjs,8847b407eb293bad3d32495b001a3226489b7eef,d7637b70029be6cb8fe78e450dcb07767876daea
data_test/1005/3210_10j_5m.fjs,data_test/1005/3210_10j_5m.fjs,2cd415b46132e2bfa2705129a7da118e4d50a92f,d7637b70029be6cb8fe78e450dcb07767876daea
data_test/1005/3211_10j_5m.fjs,data_test/1005/3211_10j_5m.fjs,671ed636b99d495267e27bf214c03e3d6677f820,d7637b70029be6cb8fe78e450dcb07767876daea
data_test/1005/3212_10j_5m.fjs,data_test/1005/3212_10j_5m.fjs,c07941648c0e3dadeaa8c367a1f8d37697388bd4,d7637b70029be6cb8fe78e450dcb07767876daea
data_test/1005/3213_10j_5m.fjs,data_test/1005/3213_10j_5m.fjs,7eb96ed2fd45bcc5936606a1d60aa18001cfb1bb,d7637b70029be6cb8fe78e450dcb07767876daea
data_test/1005/3214_10j_5m.fjs,data_test/1005/3214_10j_5m.fjs,48b0c00afc32c36fcf2e822eabb1e80f08d06925,d7637b70029be6cb8fe78e450dcb07767876daea
data_test/1005/3216_10j_5m.fjs,data_test/1005/3216_10j_5m.fjs,4151e08cac03b206fa06339c9814d09289b73ba4,d7637b70029be6cb8fe78e450dcb07767876daea
data_test/1005/3217_10j_5m.fjs,data_test/1005/3217_10j_5m.fjs,2c880d22116f244cdacbf9f2b8b20e3f47095faa,d7637b70029be6cb8fe78e450dcb07767876daea
data_test/1005/3218_10j_5m.fjs,data_test/1005/3218_10j_5m.fjs,760618126a6ede7e66b7e14134b67e92a5b03f91,d7637b70029be6cb8fe78e450dcb07767876daea
data_test/1005/3219_10j_5m.fjs,data_test/1005/3219_10j_5m.fjs,a7d123a727d7d8ee6fb87553c6bcfda672df85e0,d7637b70029be6cb8fe78e450dcb07767876daea
data_test/1005/3220_10j_5m.fjs,data_test/1005/3220_10j_5m.fjs,aed51a4779d0ea9a98c1fcf960361889b4bb9149,d7637b70029be6cb8fe78e450dcb07767876daea
data_test/1005/3221_10j_5m.fjs,data_test/1005/3221_10j_5m.fjs,6765b6bcb3c41752c48382a76bf5c2a7ad2135fb,d7637b70029be6cb8fe78e450dcb07767876daea
data_test/1005/3222_10j_5m.fjs,data_test/1005/3222_10j_5m.fjs,8319eaa924759f4e61723b13b040c1b7eaba9fb1,d7637b70029be6cb8fe78e450dcb07767876daea
data_test/1005/3223_10j_5m.fjs,data_test/1005/3223_10j_5m.fjs,bf59c81a795987273997c3f5fd7974b1273a92cb,d7637b70029be6cb8fe78e450dcb07767876daea
data_test/1005/3225_10j_5m.fjs,data_test/1005/3225_10j_5m.fjs,869600726aaf4dc46f15c31984d7581bde052136,d7637b70029be6cb8fe78e450dcb07767876daea
data_test/1005/3226_10j_5m.fjs,data_test/1005/3226_10j_5m.fjs,84b79e8099934762ba165e4c88e9e0b9b34e2bcf,d7637b70029be6cb8fe78e450dcb07767876daea
data_test/1005/3227_10j_5m.fjs,data_test/1005/3227_10j_5m.fjs,9bd9185c6b6979161a03b5a87801a81601257796,d7637b70029be6cb8fe78e450dcb07767876daea
data_test/1005/3228_10j_5m.fjs,data_test/1005/3228_10j_5m.fjs,ac7d7b0c4778ed502c5affffdbc7abb9d58ce6e1,d7637b70029be6cb8fe78e450dcb07767876daea
data_test/1005/3229_10j_5m.fjs,data_test/1005/3229_10j_5m.fjs,513e5db1e4e9e360bfb31dba659bf804e03899f1,d7637b70029be6cb8fe78e450dcb07767876daea
data_test/1005/3230_10j_5m.fjs,data_test/1005/3230_10j_5m.fjs,5383e142994ee1e7be2bee4179b7263019964b89,d7637b70029be6cb8fe78e450dcb07767876daea
data_test/1005/3231_10j_5m.fjs,data_test/1005/3231_10j_5m.fjs,55fb65b11578848b1af35d65ba4da9fc1466fcff,d7637b70029be6cb8fe78e450dcb07767876daea
data_test/1005/3232_10j_5m.fjs,data_test/1005/3232_10j_5m.fjs,fda8795deb1d5e5e4d2e2dd15c22c4c655aba320,d7637b70029be6cb8fe78e450dcb07767876daea
data_test/1005/3233_10j_5m.fjs,data_test/1005/3233_10j_5m.fjs,143494d01024d3e33f3b18fee4e7e76ad74e6d8f,d7637b70029be6cb8fe78e450dcb07767876daea
data_test/1005/3234_10j_5m.fjs,data_test/1005/3234_10j_5m.fjs,9f8a5c3eb42d9c28c85b5858c3d21cffef325b2b,d7637b70029be6cb8fe78e450dcb07767876daea
data_test/1005/3235_10j_5m.fjs,data_test/1005/3235_10j_5m.fjs,51e32687429eb2d902a71719d4868cf334c115e5,d7637b70029be6cb8fe78e450dcb07767876daea
data_test/1005/3237_10j_5m.fjs,data_test/1005/3237_10j_5m.fjs,46b85b4512e080c6ebf82bf76c964f28cd70db2b,d7637b70029be6cb8fe78e450dcb07767876daea
data_test/1005/3238_10j_5m.fjs,data_test/1005/3238_10j_5m.fjs,cda00c8036c3531e31cb16c404c2f66f53e69c77,d7637b70029be6cb8fe78e450dcb07767876daea
data_test/1005/3239_10j_5m.fjs,data_test/1005/3239_10j_5m.fjs,c52a1679e87770672fe2e1f1ac1e81f51469cba6,d7637b70029be6cb8fe78e450dcb07767876daea
data_test/1005/3240_10j_5m.fjs,data_test/1005/3240_10j_5m.fjs,3fe67f0bfe5407644dbe9dc425ea6034c8e57c1b,d7637b70029be6cb8fe78e450dcb07767876daea
data_test/1005/3241_10j_5m.fjs,data_test/1005/3241_10j_5m.fjs,1de7c93db66e89f0e9abb8aabb4a1dfd9bb0f739,d7637b70029be6cb8fe78e450dcb07767876daea
data_test/1005/3242_10j_5m.fjs,data_test/1005/3242_10j_5m.fjs,b432de90226c7380f299b0d149bf8bbadcadece0,d7637b70029be6cb8fe78e450dcb07767876daea
data_test/1005/3243_10j_5m.fjs,data_test/1005/3243_10j_5m.fjs,48963f03dab3193de7dc770b75a598a038e058c9,d7637b70029be6cb8fe78e450dcb07767876daea
data_test/1005/3244_10j_5m.fjs,data_test/1005/3244_10j_5m.fjs,79a33525ad5ed1a502618a3df23cab8a8bb5efbb,d7637b70029be6cb8fe78e450dcb07767876daea
data_test/1005/3245_10j_5m.fjs,data_test/1005/3245_10j_5m.fjs,7ecbc667f92bfdf0c20fa12aefbec0337745a6fa,d7637b70029be6cb8fe78e450dcb07767876daea
data_test/1005/3246_10j_5m.fjs,data_test/1005/3246_10j_5m.fjs,6bcbacbeb6ebcb4ba7ddb3a75a186eecb9ac51b9,d7637b70029be6cb8fe78e450dcb07767876daea
data_test/1005/3248_10j_5m.fjs,data_test/1005/3248_10j_5m.fjs,9eeea12951a145fb34f89c9070cddd4c326646ae,d7637b70029be6cb8fe78e450dcb07767876daea
data_test/1005/3249_10j_5m.fjs,data_test/1005/3249_10j_5m.fjs,0303273089e096462fc7dbcdaf166ad300ca2341,d7637b70029be6cb8fe78e450dcb07767876daea
data_test/1005/3250_10j_5m.fjs,data_test/1005/3250_10j_5m.fjs,7b85970024a4c97f287d1b1c80d851e6d3602b6c,d7637b70029be6cb8fe78e450dcb07767876daea
data_test/1005/3251_10j_5m.fjs,data_test/1005/3251_10j_5m.fjs,5f7050c2effdda0b99f6076a9d096e9cf64d9917,d7637b70029be6cb8fe78e450dcb07767876daea
data_test/1005/3252_10j_5m.fjs,data_test/1005/3252_10j_5m.fjs,024a01b5bfe0e4bbd98ce153700c863242686456,d7637b70029be6cb8fe78e450dcb07767876daea
data_test/1005/3253_10j_5m.fjs,data_test/1005/3253_10j_5m.fjs,a22e23ae15549b242a2d26e5c0a61aa44ccca7dc,d7637b70029be6cb8fe78e450dcb07767876daea
data_test/1005/3254_10j_5m.fjs,data_test/1005/3254_10j_5m.fjs,3659a8f4df1bea17b416d9dda27bf2f5a701ae46,d7637b70029be6cb8fe78e450dcb07767876daea
data_test/1005/3255_10j_5m.fjs,data_test/1005/3255_10j_5m.fjs,02bb6d056e1909970406bb4c6bbb58ff99ba384b,d7637b70029be6cb8fe78e450dcb07767876daea
data_test/1005/3256_10j_5m.fjs,data_test/1005/3256_10j_5m.fjs,0e9ac2cf28fe6c90be9a8be53d8cabda286e4247,d7637b70029be6cb8fe78e450dcb07767876daea
data_test/1005/3257_10j_5m.fjs,data_test/1005/3257_10j_5m.fjs,a2889ed707677707ff3f782e68ac24ccfe09a7d9,d7637b70029be6cb8fe78e450dcb07767876daea
data_test/1005/3259_10j_5m.fjs,data_test/1005/3259_10j_5m.fjs,7954d605b2f9b74273892514ee0ae42d57190825,d7637b70029be6cb8fe78e450dcb07767876daea
data_test/1005/3300_10j_5m.fjs,data_test/1005/3300_10j_5m.fjs,26e607d973bf453e9153ec53504d1487dabd3744,d7637b70029be6cb8fe78e450dcb07767876daea
data_test/1005/3301_10j_5m.fjs,data_test/1005/3301_10j_5m.fjs,d97339f5ec4514ac01a5787db8f7f9175625ef50,d7637b70029be6cb8fe78e450dcb07767876daea
data_test/1005/3302_10j_5m.fjs,data_test/1005/3302_10j_5m.fjs,841425c89ce05df7024b798278c6fbf48f6910d6,d7637b70029be6cb8fe78e450dcb07767876daea
data_test/1005/3303_10j_5m.fjs,data_test/1005/3303_10j_5m.fjs,074a0cc7f699e765ed666e9502984e4ccc1d74e0,d7637b70029be6cb8fe78e450dcb07767876daea
data_test/1005/3304_10j_5m.fjs,data_test/1005/3304_10j_5m.fjs,ec01beb739975c728c87e8b923ae7319b9f1cec1,d7637b70029be6cb8fe78e450dcb07767876daea
data_test/1005/3305_10j_5m.fjs,data_test/1005/3305_10j_5m.fjs,d0de7f71f79ff4b007c2c304b3c94ba5c0afc6f8,d7637b70029be6cb8fe78e450dcb07767876daea
data_test/1005/3306_10j_5m.fjs,data_test/1005/3306_10j_5m.fjs,40d4c5c0a0d8fc27153f43f38d9bd6e70855d56d,d7637b70029be6cb8fe78e450dcb07767876daea
data_test/1005/3307_10j_5m.fjs,data_test/1005/3307_10j_5m.fjs,f156dfdd39a017a54db7ed4000e9d331ff29509b,d7637b70029be6cb8fe78e450dcb07767876daea
data_test/1005/3308_10j_5m.fjs,data_test/1005/3308_10j_5m.fjs,c517ce5cb809c9fef91424789ef444aea8c4864f,d7637b70029be6cb8fe78e450dcb07767876daea
data_test/1005/3309_10j_5m.fjs,data_test/1005/3309_10j_5m.fjs,a8fefc84040f7f7a30bc952c84e84a55f3e797db,d7637b70029be6cb8fe78e450dcb07767876daea
data_test/1005/3311_10j_5m.fjs,data_test/1005/3311_10j_5m.fjs,5bc75422399aa9b5a5cbdadb60247977aa4bcdbf,d7637b70029be6cb8fe78e450dcb07767876daea
data_test/1005/3312_10j_5m.fjs,data_test/1005/3312_10j_5m.fjs,b0c0ce2743a57d7ce907b9a23599f25b75376746,d7637b70029be6cb8fe78e450dcb07767876daea
data_test/1005/3313_10j_5m.fjs,data_test/1005/3313_10j_5m.fjs,1cef68d4b0045bb7938118d0f86ad15bba3abf15,d7637b70029be6cb8fe78e450dcb07767876daea
data_test/1005/3314_10j_5m.fjs,data_test/1005/3314_10j_5m.fjs,8bd472fa1b151931a082f92e40ae4540b683940d,d7637b70029be6cb8fe78e450dcb07767876daea
data_test/1005/3315_10j_5m.fjs,data_test/1005/3315_10j_5m.fjs,d3e9d63c4a3a6b6d74f469db10a0ad4485912586,d7637b70029be6cb8fe78e450dcb07767876daea
data_test/1005/3316_10j_5m.fjs,data_test/1005/3316_10j_5m.fjs,0ca2bc626ac6ebfe91905729b15c2401c6abff75,d7637b70029be6cb8fe78e450dcb07767876daea
data_test/1005/3317_10j_5m.fjs,data_test/1005/3317_10j_5m.fjs,7327de92f7c9a241ee779358d46b8a0d75795e70,d7637b70029be6cb8fe78e450dcb07767876daea
data_test/1510/1615_15j_10m.fjs,data_test/1510/1615_15j_10m.fjs,986f96e26fe343c1a49cfa37f231892daf82e4ef,d7637b70029be6cb8fe78e450dcb07767876daea
data_test/1510/1616_15j_10m.fjs,data_test/1510/1616_15j_10m.fjs,d3202774da5ec35c9f5e729cd6a09569d45b4a7c,d7637b70029be6cb8fe78e450dcb07767876daea
data_test/1510/1617_15j_10m.fjs,data_test/1510/1617_15j_10m.fjs,348abb53cb42be3efa6ef4339fa72e9e0d2d4d40,d7637b70029be6cb8fe78e450dcb07767876daea
data_test/1510/1618_15j_10m.fjs,data_test/1510/1618_15j_10m.fjs,770b09f69d809fd51c52e8ebf3d1e066a6029543,d7637b70029be6cb8fe78e450dcb07767876daea
data_test/1510/1620_15j_10m.fjs,data_test/1510/1620_15j_10m.fjs,1a4874533bed983edd4fc537be33599ef28e2a5e,d7637b70029be6cb8fe78e450dcb07767876daea
data_test/1510/1621_15j_10m.fjs,data_test/1510/1621_15j_10m.fjs,f451cd8fa6d18886554291febddedb51f7f8dee8,d7637b70029be6cb8fe78e450dcb07767876daea
data_test/1510/1622_15j_10m.fjs,data_test/1510/1622_15j_10m.fjs,c06e7bc69439437a982e049827dffffddedcb455,d7637b70029be6cb8fe78e450dcb07767876daea
data_test/1510/1623_15j_10m.fjs,data_test/1510/1623_15j_10m.fjs,55d481dda7543ad8a8bc246821f6a1fabc668aea,d7637b70029be6cb8fe78e450dcb07767876daea
data_test/1510/1625_15j_10m.fjs,data_test/1510/1625_15j_10m.fjs,2b4d317d61efffc2cd5ed9c737a54aae940408b9,d7637b70029be6cb8fe78e450dcb07767876daea
data_test/1510/1626_15j_10m.fjs,data_test/1510/1626_15j_10m.fjs,e94bafc986668b5c2637f74a2478e9b3f116116b,d7637b70029be6cb8fe78e450dcb07767876daea
data_test/1510/1627_15j_10m.fjs,data_test/1510/1627_15j_10m.fjs,04d8ccd5a9419b92c1470f73ae58443fcbeec4fc,d7637b70029be6cb8fe78e450dcb07767876daea
data_test/1510/1628_15j_10m.fjs,data_test/1510/1628_15j_10m.fjs,5a51271198897e3e5c29ebdad2e1f2e000cc9f05,d7637b70029be6cb8fe78e450dcb07767876daea
data_test/1510/1629_15j_10m.fjs,data_test/1510/1629_15j_10m.fjs,2a03e3ac492e488f4b064e60d283bff7dfe67909,d7637b70029be6cb8fe78e450dcb07767876daea
data_test/1510/1631_15j_10m.fjs,data_test/1510/1631_15j_10m.fjs,7cef841c1e1a4dad170cefba75587e4036948a3b,d7637b70029be6cb8fe78e450dcb07767876daea
data_test/1510/1632_15j_10m.fjs,data_test/1510/1632_15j_10m.fjs,82b717dd1bfbf687b926a6c8609538a78abb6d7b,d7637b70029be6cb8fe78e450dcb07767876daea
data_test/1510/1633_15j_10m.fjs,data_test/1510/1633_15j_10m.fjs,29300b3b3665fed56bdae6c969c9397ffef22707,d7637b70029be6cb8fe78e450dcb07767876daea
data_test/1510/1634_15j_10m.fjs,data_test/1510/1634_15j_10m.fjs,ef57b1e660568e5296ff3a50dc4a5067a2ba1761,d7637b70029be6cb8fe78e450dcb07767876daea
data_test/1510/1636_15j_10m.fjs,data_test/1510/1636_15j_10m.fjs,cb58d6da4793ae62b76b8689e7f41e4b7712a990,d7637b70029be6cb8fe78e450dcb07767876daea
data_test/1510/1637_15j_10m.fjs,data_test/1510/1637_15j_10m.fjs,3bb39dd6ca041e43eba6640cb4bee177ada5b776,d7637b70029be6cb8fe78e450dcb07767876daea
data_test/1510/1638_15j_10m.fjs,data_test/1510/1638_15j_10m.fjs,4d9a0633a31b3b395a3573c279f9977f7715a8dc,d7637b70029be6cb8fe78e450dcb07767876daea
data_test/1510/1639_15j_10m.fjs,data_test/1510/1639_15j_10m.fjs,5ba0325e56e6fd8ef27437a5ab77d8de585d0edd,d7637b70029be6cb8fe78e450dcb07767876daea
data_test/1510/1641_15j_10m.fjs,data_test/1510/1641_15j_10m.fjs,5f6558c53636accc8b777149c2370a213a8a4e2b,d7637b70029be6cb8fe78e450dcb07767876daea
data_test/1510/1642_15j_10m.fjs,data_test/1510/1642_15j_10m.fjs,3210afb502fe5b8f4a9bcc31bb92de2d1076fb19,d7637b70029be6cb8fe78e450dcb07767876daea
data_test/1510/1643_15j_10m.fjs,data_test/1510/1643_15j_10m.fjs,eb3a56a0640676d824a1dedc58dc22c02b329f6b,d7637b70029be6cb8fe78e450dcb07767876daea
data_test/1510/1644_15j_10m.fjs,data_test/1510/1644_15j_10m.fjs,c372304583aac55cfce0267d3889b085111bd674,d7637b70029be6cb8fe78e450dcb07767876daea
data_test/1510/1646_15j_10m.fjs,data_test/1510/1646_15j_10m.fjs,e84e4d101f18c1e4a043f515b074441e3a831b53,d7637b70029be6cb8fe78e450dcb07767876daea
data_test/1510/1647_15j_10m.fjs,data_test/1510/1647_15j_10m.fjs,87ad2868f3432c67ee8108da8bd6401f25f847e5,d7637b70029be6cb8fe78e450dcb07767876daea
data_test/1510/1648_15j_10m.fjs,data_test/1510/1648_15j_10m.fjs,175afa65afa2b4dbdc94ee77efab1d577c00d757,d7637b70029be6cb8fe78e450dcb07767876daea
data_test/1510/1649_15j_10m.fjs,data_test/1510/1649_15j_10m.fjs,14d11700f86734dad0f65011db481de3eac2a41e,d7637b70029be6cb8fe78e450dcb07767876daea
data_test/1510/1651_15j_10m.fjs,data_test/1510/1651_15j_10m.fjs,ac8e4d8d954df8c56aef17a6fd56acdf18dfb187,d7637b70029be6cb8fe78e450dcb07767876daea
data_test/1510/1652_15j_10m.fjs,data_test/1510/1652_15j_10m.fjs,53df6b542c6f2932589cde82305f5ec038c38aa1,d7637b70029be6cb8fe78e450dcb07767876daea
data_test/1510/1653_15j_10m.fjs,data_test/1510/1653_15j_10m.fjs,da5a4dcd725fea44aa9ceeee9006aab248b6d6b2,d7637b70029be6cb8fe78e450dcb07767876daea
data_test/1510/1654_15j_10m.fjs,data_test/1510/1654_15j_10m.fjs,1c85d833552d614b4109470077f45498342c5236,d7637b70029be6cb8fe78e450dcb07767876daea
data_test/1510/1656_15j_10m.fjs,data_test/1510/1656_15j_10m.fjs,4ba95123a01dd2d4a6641a8f6336cf8c3d80b01a,d7637b70029be6cb8fe78e450dcb07767876daea
data_test/1510/1657_15j_10m.fjs,data_test/1510/1657_15j_10m.fjs,fa1d9a31d78112cadb4713f71e9ef6de2ab17bbb,d7637b70029be6cb8fe78e450dcb07767876daea
data_test/1510/1658_15j_10m.fjs,data_test/1510/1658_15j_10m.fjs,fcc7b5b6907f59a88d9226ba64a537702b5ab509,d7637b70029be6cb8fe78e450dcb07767876daea
data_test/1510/1659_15j_10m.fjs,data_test/1510/1659_15j_10m.fjs,9d559d303adb40cd174639a626b012d5df1e1aad,d7637b70029be6cb8fe78e450dcb07767876daea
data_test/1510/1701_15j_10m.fjs,data_test/1510/1701_15j_10m.fjs,34647d07531629713a0692e4374aef5698f7857c,d7637b70029be6cb8fe78e450dcb07767876daea
data_test/1510/1702_15j_10m.fjs,data_test/1510/1702_15j_10m.fjs,98b7e3b4c09770467ada71e81c926b8386e5dc07,d7637b70029be6cb8fe78e450dcb07767876daea
data_test/1510/1703_15j_10m.fjs,data_test/1510/1703_15j_10m.fjs,01feb5683d7733917ea13a77c6c083c51f5ebd52,d7637b70029be6cb8fe78e450dcb07767876daea
data_test/1510/1704_15j_10m.fjs,data_test/1510/1704_15j_10m.fjs,b4fd95ddec466e00c0cb414e7a567740b7ce4dbd,d7637b70029be6cb8fe78e450dcb07767876daea
data_test/1510/1706_15j_10m.fjs,data_test/1510/1706_15j_10m.fjs,f74d6abb3739aabd76f95ef7cc55e37c57acd102,d7637b70029be6cb8fe78e450dcb07767876daea
data_test/1510/1707_15j_10m.fjs,data_test/1510/1707_15j_10m.fjs,dfb0d3c957983e6f1107b2f1ee60e3d19ab5cf06,d7637b70029be6cb8fe78e450dcb07767876daea
data_test/1510/1708_15j_10m.fjs,data_test/1510/1708_15j_10m.fjs,d6bc6bb0cb962b5a87a458235c9710ddea798ff7,d7637b70029be6cb8fe78e450dcb07767876daea
data_test/1510/1709_15j_10m.fjs,data_test/1510/1709_15j_10m.fjs,a743d13b62a3617e56a77e56730e670c4e064765,d7637b70029be6cb8fe78e450dcb07767876daea
data_test/1510/1711_15j_10m.fjs,data_test/1510/1711_15j_10m.fjs,6f7ae93aa5df0d566696ec0474aa83c82986c1e6,d7637b70029be6cb8fe78e450dcb07767876daea
data_test/1510/1712_15j_10m.fjs,data_test/1510/1712_15j_10m.fjs,afb4f0c5dfe849cea43f426a99cff7a4e7be4d52,d7637b70029be6cb8fe78e450dcb07767876daea
data_test/1510/1713_15j_10m.fjs,data_test/1510/1713_15j_10m.fjs,4846f7ee207ff21cf136960315a4d37cd87dbba7,d7637b70029be6cb8fe78e450dcb07767876daea
data_test/1510/1714_15j_10m.fjs,data_test/1510/1714_15j_10m.fjs,98a15ddf78ea6f7042667dfd0c1779700d01a2d7,d7637b70029be6cb8fe78e450dcb07767876daea
data_test/1510/1716_15j_10m.fjs,data_test/1510/1716_15j_10m.fjs,abd5c66b9bd4bb4cc3adaa31b057f11b9d6237f7,d7637b70029be6cb8fe78e450dcb07767876daea
data_test/1510/1717_15j_10m.fjs,data_test/1510/1717_15j_10m.fjs,ebd7ebf89eb413aa5741dfca73e6d54a9823c66e,d7637b70029be6cb8fe78e450dcb07767876daea
data_test/1510/1718_15j_10m.fjs,data_test/1510/1718_15j_10m.fjs,f196412f40209ff0bc113260cef8f7b6f776e633,d7637b70029be6cb8fe78e450dcb07767876daea
data_test/1510/1719_15j_10m.fjs,data_test/1510/1719_15j_10m.fjs,652ea52d53fe99514ef8ac293f71cf364aa20448,d7637b70029be6cb8fe78e450dcb07767876daea
data_test/1510/1721_15j_10m.fjs,data_test/1510/1721_15j_10m.fjs,133036d3f82c2442ba540a6cae911af073e3e03f,d7637b70029be6cb8fe78e450dcb07767876daea
data_test/1510/1722_15j_10m.fjs,data_test/1510/1722_15j_10m.fjs,375f6886af9243b11f13ac9712f5f1392144427f,d7637b70029be6cb8fe78e450dcb07767876daea
data_test/1510/1723_15j_10m.fjs,data_test/1510/1723_15j_10m.fjs,53c4597d3fa9f189487de8f7acfd96c78c37bce3,d7637b70029be6cb8fe78e450dcb07767876daea
data_test/1510/1725_15j_10m.fjs,data_test/1510/1725_15j_10m.fjs,ca141f04fb57579e467f0840b08747065042d28a,d7637b70029be6cb8fe78e450dcb07767876daea
data_test/1510/1726_15j_10m.fjs,data_test/1510/1726_15j_10m.fjs,34fb79fd599e2763c6f24edc402d0d4dbadef567,d7637b70029be6cb8fe78e450dcb07767876daea
data_test/1510/1727_15j_10m.fjs,data_test/1510/1727_15j_10m.fjs,1435d73e6f5f3c7e67e5b8f2cc05c6c86688b98f,d7637b70029be6cb8fe78e450dcb07767876daea
data_test/1510/1728_15j_10m.fjs,data_test/1510/1728_15j_10m.fjs,ce3489828f4d7d822edc6026553ed5b06d5a340d,d7637b70029be6cb8fe78e450dcb07767876daea
data_test/1510/1730_15j_10m.fjs,data_test/1510/1730_15j_10m.fjs,7f7019372dd340e56372e990fc04219424d5ba29,d7637b70029be6cb8fe78e450dcb07767876daea
data_test/1510/1731_15j_10m.fjs,data_test/1510/1731_15j_10m.fjs,8bd60023b06671b8d9f0f25a7a75381b811ae680,d7637b70029be6cb8fe78e450dcb07767876daea
data_test/1510/1732_15j_10m.fjs,data_test/1510/1732_15j_10m.fjs,350e2298ee9a3a81c28f6dfbbdf51a258c69da27,d7637b70029be6cb8fe78e450dcb07767876daea
data_test/1510/1733_15j_10m.fjs,data_test/1510/1733_15j_10m.fjs,e1b26c3112217d310f07f0e82c85bba95c51f870,d7637b70029be6cb8fe78e450dcb07767876daea
data_test/1510/1735_15j_10m.fjs,data_test/1510/1735_15j_10m.fjs,10e32fa7a04bead24d03b478ed8896a8d2cd3363,d7637b70029be6cb8fe78e450dcb07767876daea
data_test/1510/1736_15j_10m.fjs,data_test/1510/1736_15j_10m.fjs,32517d1aed216a1264c3e226f4a2ed7097bcd2ca,d7637b70029be6cb8fe78e450dcb07767876daea
data_test/1510/1737_15j_10m.fjs,data_test/1510/1737_15j_10m.fjs,84fdd11ec497051b235c60ee1b4ca07e524468fb,d7637b70029be6cb8fe78e450dcb07767876daea
data_test/1510/1738_15j_10m.fjs,data_test/1510/1738_15j_10m.fjs,b21ec31310099662d1669b4aad933f887811befe,d7637b70029be6cb8fe78e450dcb07767876daea
data_test/1510/1740_15j_10m.fjs,data_test/1510/1740_15j_10m.fjs,d0f797a7baefd9f10e583737348a8e586866271f,d7637b70029be6cb8fe78e450dcb07767876daea
data_test/1510/1741_15j_10m.fjs,data_test/1510/1741_15j_10m.fjs,4d3afca82ffe0af3a1c39dbf3a8647489526654f,d7637b70029be6cb8fe78e450dcb07767876daea
data_test/1510/1742_15j_10m.fjs,data_test/1510/1742_15j_10m.fjs,7e9a86ffccb0bc2c0f939e750111ef8d1bebf46f,d7637b70029be6cb8fe78e450dcb07767876daea
data_test/1510/1743_15j_10m.fjs,data_test/1510/1743_15j_10m.fjs,ea05e0dfb2cb935d60d96b01e2c69bd131c3d603,d7637b70029be6cb8fe78e450dcb07767876daea
data_test/1510/1745_15j_10m.fjs,data_test/1510/1745_15j_10m.fjs,47d0842f9a4f9f4d571d02ab7df333aaa2a4bfeb,d7637b70029be6cb8fe78e450dcb07767876daea
data_test/1510/1746_15j_10m.fjs,data_test/1510/1746_15j_10m.fjs,99a1999de5016b3c04e49d62237bda9e5be13189,d7637b70029be6cb8fe78e450dcb07767876daea
data_test/1510/1747_15j_10m.fjs,data_test/1510/1747_15j_10m.fjs,b991449c8fe0830f8b7cc96d3e051e1331764ca2,d7637b70029be6cb8fe78e450dcb07767876daea
data_test/1510/1748_15j_10m.fjs,data_test/1510/1748_15j_10m.fjs,2060380428c99ae8980723ced07e8141fe0b2ba8,d7637b70029be6cb8fe78e450dcb07767876daea
data_test/1510/1750_15j_10m.fjs,data_test/1510/1750_15j_10m.fjs,7f8b29eac8490a68aa8d160650d9742b777b85e6,d7637b70029be6cb8fe78e450dcb07767876daea
data_test/1510/1751_15j_10m.fjs,data_test/1510/1751_15j_10m.fjs,f8fc119269c610c886c7136002d6d38a954a82ad,d7637b70029be6cb8fe78e450dcb07767876daea
data_test/1510/1752_15j_10m.fjs,data_test/1510/1752_15j_10m.fjs,ec59ca18da75222223dbe19cfa0c3e9e692a7424,d7637b70029be6cb8fe78e450dcb07767876daea
data_test/1510/1753_15j_10m.fjs,data_test/1510/1753_15j_10m.fjs,d81108e99a003f7b3ab6dcfd714bec3097905425,d7637b70029be6cb8fe78e450dcb07767876daea
data_test/1510/1755_15j_10m.fjs,data_test/1510/1755_15j_10m.fjs,ad0a5cfb3b88e179f8c7bb67e21491a455b45b50,d7637b70029be6cb8fe78e450dcb07767876daea
data_test/1510/1756_15j_10m.fjs,data_test/1510/1756_15j_10m.fjs,912be1e5345513b582614f41451445c9aafcdbdf,d7637b70029be6cb8fe78e450dcb07767876daea
data_test/1510/1757_15j_10m.fjs,data_test/1510/1757_15j_10m.fjs,dc067ee8892b885c045a186149f5aed67467ef10,d7637b70029be6cb8fe78e450dcb07767876daea
data_test/1510/1758_15j_10m.fjs,data_test/1510/1758_15j_10m.fjs,6e7c44731f35cbbd1d65d2f176fb9714c1f08b81,d7637b70029be6cb8fe78e450dcb07767876daea
data_test/1510/1800_15j_10m.fjs,data_test/1510/1800_15j_10m.fjs,70c5419f0415cf0847df72260c6310a183e3107e,d7637b70029be6cb8fe78e450dcb07767876daea
data_test/1510/1801_15j_10m.fjs,data_test/1510/1801_15j_10m.fjs,b7228b4446095463d5e5b6818cdc5ee926bc66d2,d7637b70029be6cb8fe78e450dcb07767876daea
data_test/1510/1802_15j_10m.fjs,data_test/1510/1802_15j_10m.fjs,1ee8d4742a06407d66e91255da6ded575de029e6,d7637b70029be6cb8fe78e450dcb07767876daea
data_test/1510/1803_15j_10m.fjs,data_test/1510/1803_15j_10m.fjs,8b26c9afb62e0207256512e19ea2e05315d735d8,d7637b70029be6cb8fe78e450dcb07767876daea
data_test/1510/1805_15j_10m.fjs,data_test/1510/1805_15j_10m.fjs,96fb402855313d63202ea0ef47e62b3aff610b3d,d7637b70029be6cb8fe78e450dcb07767876daea
data_test/1510/1806_15j_10m.fjs,data_test/1510/1806_15j_10m.fjs,5a3f9f6833caed6ec8adc36ad51d85c5be1184e0,d7637b70029be6cb8fe78e450dcb07767876daea
data_test/1510/1807_15j_10m.fjs,data_test/1510/1807_15j_10m.fjs,d2a0da520bed90c56356eb44af55444e5cf62cb0,d7637b70029be6cb8fe78e450dcb07767876daea
data_test/1510/1808_15j_10m.fjs,data_test/1510/1808_15j_10m.fjs,3ba0ab1727d0a352d145060778ba1a7d3419d144,d7637b70029be6cb8fe78e450dcb07767876daea
data_test/1510/1810_15j_10m.fjs,data_test/1510/1810_15j_10m.fjs,e9fc9014dec9e9d8c7ad3569cd823cdb480a4ed5,d7637b70029be6cb8fe78e450dcb07767876daea
data_test/1510/1811_15j_10m.fjs,data_test/1510/1811_15j_10m.fjs,1900383be00ed94057845a11bf42c8dfe66532e3,d7637b70029be6cb8fe78e450dcb07767876daea
data_test/1510/1812_15j_10m.fjs,data_test/1510/1812_15j_10m.fjs,ed50784b8127bb4d0df26c478bcafe03cf46ed42,d7637b70029be6cb8fe78e450dcb07767876daea
data_test/1510/1813_15j_10m.fjs,data_test/1510/1813_15j_10m.fjs,ea7dfa9d19cf33a2ebc738e9a59c09cf43afe634,d7637b70029be6cb8fe78e450dcb07767876daea
data_test/1510/1815_15j_10m.fjs,data_test/1510/1815_15j_10m.fjs,0c5afb6f5dfbed7cb5a4826c8cbd18d99cf9b5af,d7637b70029be6cb8fe78e450dcb07767876daea
data_test/1510/1816_15j_10m.fjs,data_test/1510/1816_15j_10m.fjs,5e767e3cbf22869ef7ece39ec67ee51df890718a,d7637b70029be6cb8fe78e450dcb07767876daea
data_test/1510/1817_15j_10m.fjs,data_test/1510/1817_15j_10m.fjs,6a8177b703e2bf6aa0fd20ca245de3856e16835b,d7637b70029be6cb8fe78e450dcb07767876daea
data_test/1510/1818_15j_10m.fjs,data_test/1510/1818_15j_10m.fjs,ad7202f3d5684aabf2f4da3ec3e6772d46fc2eec,d7637b70029be6cb8fe78e450dcb07767876daea
data_test/2005/3523_20j_5m.fjs,data_test/2005/3523_20j_5m.fjs,267852678e6b30923c8e85325535fe5d18fbbb2b,d7637b70029be6cb8fe78e450dcb07767876daea
data_test/2005/3524_20j_5m.fjs,data_test/2005/3524_20j_5m.fjs,42e4874f15b918ac2fc514d9972f4616584a08fe,d7637b70029be6cb8fe78e450dcb07767876daea
data_test/2005/3525_20j_5m.fjs,data_test/2005/3525_20j_5m.fjs,8eb4e69cd294bf6b9651439362b46618b7fae228,d7637b70029be6cb8fe78e450dcb07767876daea
data_test/2005/3526_20j_5m.fjs,data_test/2005/3526_20j_5m.fjs,5add8151a9b93351693122525d1dadb7eea732d0,d7637b70029be6cb8fe78e450dcb07767876daea
data_test/2005/3527_20j_5m.fjs,data_test/2005/3527_20j_5m.fjs,ef1b9eaa52ac8da0273863db52e970abd88a3d97,d7637b70029be6cb8fe78e450dcb07767876daea
data_test/2005/3529_20j_5m.fjs,data_test/2005/3529_20j_5m.fjs,2b636e5361526eef37e59fcf1a82ee50d84eae71,d7637b70029be6cb8fe78e450dcb07767876daea
data_test/2005/3530_20j_5m.fjs,data_test/2005/3530_20j_5m.fjs,ce91fb950f715ea5cc3118ef4e9e1661f0e923c4,d7637b70029be6cb8fe78e450dcb07767876daea
data_test/2005/3531_20j_5m.fjs,data_test/2005/3531_20j_5m.fjs,e5edaac5be24cb12a36e9c3cd50019dd837ec9bd,d7637b70029be6cb8fe78e450dcb07767876daea
data_test/2005/3532_20j_5m.fjs,data_test/2005/3532_20j_5m.fjs,028fd4ca81dc88049d9b87e2ad5de35bdd51e698,d7637b70029be6cb8fe78e450dcb07767876daea
data_test/2005/3533_20j_5m.fjs,data_test/2005/3533_20j_5m.fjs,79d445a2bf2be64f06173e91bd776f5cc132da27,d7637b70029be6cb8fe78e450dcb07767876daea
data_test/2005/3534_20j_5m.fjs,data_test/2005/3534_20j_5m.fjs,fbe0c80bbccb4a6e8c682b6422034e2cb632e5bf,d7637b70029be6cb8fe78e450dcb07767876daea
data_test/2005/3536_20j_5m.fjs,data_test/2005/3536_20j_5m.fjs,31a487b9210fc7d04399f4ca43265ebd3d829885,d7637b70029be6cb8fe78e450dcb07767876daea
data_test/2005/3537_20j_5m.fjs,data_test/2005/3537_20j_5m.fjs,0aba1891c6b97c02b87ab773d0c2fdcd422ec72a,d7637b70029be6cb8fe78e450dcb07767876daea
data_test/2005/3538_20j_5m.fjs,data_test/2005/3538_20j_5m.fjs,ea5b1bca73942cd7bf3442bd145e649847ec0f4f,d7637b70029be6cb8fe78e450dcb07767876daea
data_test/2005/3539_20j_5m.fjs,data_test/2005/3539_20j_5m.fjs,f127e4b50d919b932ac7c3048ad0124afed165ea,d7637b70029be6cb8fe78e450dcb07767876daea
data_test/2005/3540_20j_5m.fjs,data_test/2005/3540_20j_5m.fjs,7b05c63eaa1d7984f4a9fcb9ea0d9330879b7ae2,d7637b70029be6cb8fe78e450dcb07767876daea
data_test/2005/3542_20j_5m.fjs,data_test/2005/3542_20j_5m.fjs,883984c9d48019bba62724fcee060d5b02f4ca88,d7637b70029be6cb8fe78e450dcb07767876daea
data_test/2005/3543_20j_5m.fjs,data_test/2005/3543_20j_5m.fjs,5eeae35fd804cacec5aae5eb26f581735aa8cfe5,d7637b70029be6cb8fe78e450dcb07767876daea
data_test/2005/3544_20j_5m.fjs,data_test/2005/3544_20j_5m.fjs,d8ec7d0363a50d0f632819600432bce75cc82347,d7637b70029be6cb8fe78e450dcb07767876daea
data_test/2005/3545_20j_5m.fjs,data_test/2005/3545_20j_5m.fjs,3bdbc86dcac0536e5c682bdb86910bd85b6f50c0,d7637b70029be6cb8fe78e450dcb07767876daea
data_test/2005/3546_20j_5m.fjs,data_test/2005/3546_20j_5m.fjs,4346501cd9889112fbee91e63bdcd1b71b7fe09b,d7637b70029be6cb8fe78e450dcb07767876daea
data_test/2005/3547_20j_5m.fjs,data_test/2005/3547_20j_5m.fjs,0306f43aefca34eab54a97b919238e48388e5051,d7637b70029be6cb8fe78e450dcb07767876daea
data_test/2005/3549_20j_5m.fjs,data_test/2005/3549_20j_5m.fjs,e133b9ab7b9a9863cee78a042e9413fb28074378,d7637b70029be6cb8fe78e450dcb07767876daea
data_test/2005/3550_20j_5m.fjs,data_test/2005/3550_20j_5m.fjs,25170aeb5ab71f5aab99e0e52da5d1010787bf20,d7637b70029be6cb8fe78e450dcb07767876daea
data_test/2005/3551_20j_5m.fjs,data_test/2005/3551_20j_5m.fjs,e19665a63bfcd38749fc2d56064d1074f8db2826,d7637b70029be6cb8fe78e450dcb07767876daea
data_test/2005/3552_20j_5m.fjs,data_test/2005/3552_20j_5m.fjs,b847a972537f62de8101ebba9b65923f6b2c5763,d7637b70029be6cb8fe78e450dcb07767876daea
data_test/2005/3553_20j_5m.fjs,data_test/2005/3553_20j_5m.fjs,49e963d2e4254730ee29b29b3db5b455bc00b1de,d7637b70029be6cb8fe78e450dcb07767876daea
data_test/2005/3555_20j_5m.fjs,data_test/2005/3555_20j_5m.fjs,f1dbb3f98734eb5b656268c0062eb00e727aa2a6,d7637b70029be6cb8fe78e450dcb07767876daea
data_test/2005/3556_20j_5m.fjs,data_test/2005/3556_20j_5m.fjs,8f27ac026464c72f557b2d9b461f2909d11fdfe2,d7637b70029be6cb8fe78e450dcb07767876daea
data_test/2005/3557_20j_5m.fjs,data_test/2005/3557_20j_5m.fjs,5415f32f7a07cbda1aa1c0be3e5c53add4b5a9ad,d7637b70029be6cb8fe78e450dcb07767876daea
data_test/2005/3558_20j_5m.fjs,data_test/2005/3558_20j_5m.fjs,a5ee468acf16e0dccc30328e41265879a4b004f1,d7637b70029be6cb8fe78e450dcb07767876daea
data_test/2005/3559_20j_5m.fjs,data_test/2005/3559_20j_5m.fjs,1ef5dc45a29dfa54b5aac315b650afca90f4002e,d7637b70029be6cb8fe78e450dcb07767876daea
data_test/2005/3601_20j_5m.fjs,data_test/2005/3601_20j_5m.fjs,3e366da43a41b1587d52cb03b2d8cefacd4ecbf6,d7637b70029be6cb8fe78e450dcb07767876daea
data_test/2005/3602_20j_5m.fjs,data_test/2005/3602_20j_5m.fjs,76d4223649128f9bae2ac7fc7aee7d92d1735789,d7637b70029be6cb8fe78e450dcb07767876daea
data_test/2005/3603_20j_5m.fjs,data_test/2005/3603_20j_5m.fjs,b512e4473ff18eb822f57f0d40c1eb22cdd45596,d7637b70029be6cb8fe78e450dcb07767876daea
data_test/2005/3604_20j_5m.fjs,data_test/2005/3604_20j_5m.fjs,01fd17c00e2ca78bbe0edb722e905022948cb069,d7637b70029be6cb8fe78e450dcb07767876daea
data_test/2005/3605_20j_5m.fjs,data_test/2005/3605_20j_5m.fjs,98140cdf6deabee5ae5d4add9fad46493c356bd9,d7637b70029be6cb8fe78e450dcb07767876daea
data_test/2005/3606_20j_5m.fjs,data_test/2005/3606_20j_5m.fjs,5cf99c588424f363dc8cdf488e43198062ad30d0,d7637b70029be6cb8fe78e450dcb07767876daea
data_test/2005/3608_20j_5m.fjs,data_test/2005/3608_20j_5m.fjs,2f2215aa8e0d3cf21b9f91cade14f21d0b1a5dc2,d7637b70029be6cb8fe78e450dcb07767876daea
data_test/2005/3609_20j_5m.fjs,data_test/2005/3609_20j_5m.fjs,b288f1df7cd4f21637d9059cb9e64cd72adb8a98,d7637b70029be6cb8fe78e450dcb07767876daea
data_test/2005/3610_20j_5m.fjs,data_test/2005/3610_20j_5m.fjs,7632e3d9d4630dbf9c6a14005f7c2ea14fdcd346,d7637b70029be6cb8fe78e450dcb07767876daea
data_test/2005/3611_20j_5m.fjs,data_test/2005/3611_20j_5m.fjs,a1a33cbd1605078d2a954985f356b42a55227d9d,d7637b70029be6cb8fe78e450dcb07767876daea
data_test/2005/3612_20j_5m.fjs,data_test/2005/3612_20j_5m.fjs,494ac330d8f0cb458d8048d0bca4077f5d3cb823,d7637b70029be6cb8fe78e450dcb07767876daea
data_test/2005/3614_20j_5m.fjs,data_test/2005/3614_20j_5m.fjs,ccdb02b118ac9e0775b6ca951a02126f3daa9f65,d7637b70029be6cb8fe78e450dcb07767876daea
data_test/2005/3615_20j_5m.fjs,data_test/2005/3615_20j_5m.fjs,8f48550fa9bcb91d691698ef711ef712bd1abbad,d7637b70029be6cb8fe78e450dcb07767876daea
data_test/2005/3616_20j_5m.fjs,data_test/2005/3616_20j_5m.fjs,35fa8a6be751b7c58fae723d2d4465301e7101f5,d7637b70029be6cb8fe78e450dcb07767876daea
data_test/2005/3617_20j_5m.fjs,data_test/2005/3617_20j_5m.fjs,d146b1220356d00f670ec782d432c96d1b121d7e,d7637b70029be6cb8fe78e450dcb07767876daea
data_test/2005/3618_20j_5m.fjs,data_test/2005/3618_20j_5m.fjs,2e410d93869b6c0e2e6a7195298e84838024491c,d7637b70029be6cb8fe78e450dcb07767876daea
data_test/2005/3619_20j_5m.fjs,data_test/2005/3619_20j_5m.fjs,2a7d62d79e35bfa4c8737442062294c4e9966226,d7637b70029be6cb8fe78e450dcb07767876daea
data_test/2005/3621_20j_5m.fjs,data_test/2005/3621_20j_5m.fjs,ecd3f7f6c294eca1720af1fd3eb755c1a56d9a2c,d7637b70029be6cb8fe78e450dcb07767876daea
data_test/2005/3622_20j_5m.fjs,data_test/2005/3622_20j_5m.fjs,b02a332701ec0cee891bfda5c81251736f80d98d,d7637b70029be6cb8fe78e450dcb07767876daea
data_test/2005/3623_20j_5m.fjs,data_test/2005/3623_20j_5m.fjs,d25a74af4a54bcf912d16971ecb63ec86dfa3210,d7637b70029be6cb8fe78e450dcb07767876daea
data_test/2005/3624_20j_5m.fjs,data_test/2005/3624_20j_5m.fjs,eee2f5a648023490b486e2c2a2a7a5d3c806e68c,d7637b70029be6cb8fe78e450dcb07767876daea
data_test/2005/3625_20j_5m.fjs,data_test/2005/3625_20j_5m.fjs,6202203d3b5b4221be5bec8a1f76573db06c98e4,d7637b70029be6cb8fe78e450dcb07767876daea
data_test/2005/3627_20j_5m.fjs,data_test/2005/3627_20j_5m.fjs,5e7adf7bea8732c00f4953e319926c3189157ae5,d7637b70029be6cb8fe78e450dcb07767876daea
data_test/2005/3628_20j_5m.fjs,data_test/2005/3628_20j_5m.fjs,2c08cce40fe85a67b126a220454a1ffe354fa6e5,d7637b70029be6cb8fe78e450dcb07767876daea
data_test/2005/3629_20j_5m.fjs,data_test/2005/3629_20j_5m.fjs,2155c0d93ffc338e08c77d9e754003e5750c4e31,d7637b70029be6cb8fe78e450dcb07767876daea
data_test/2005/3630_20j_5m.fjs,data_test/2005/3630_20j_5m.fjs,9d2320500c5d425234529fd06a1c130bc7d2e3e7,d7637b70029be6cb8fe78e450dcb07767876daea
data_test/2005/3631_20j_5m.fjs,data_test/2005/3631_20j_5m.fjs,cd397e556441ba093c1c314d454be05f6c2a16ec,d7637b70029be6cb8fe78e450dcb07767876daea
data_test/2005/3633_20j_5m.fjs,data_test/2005/3633_20j_5m.fjs,790712765f096be06515577b90bb57db0814bd42,d7637b70029be6cb8fe78e450dcb07767876daea
data_test/2005/3634_20j_5m.fjs,data_test/2005/3634_20j_5m.fjs,295f73c81d6e69cc0b4b77bd3050a4c58e4b9443,d7637b70029be6cb8fe78e450dcb07767876daea
data_test/2005/3635_20j_5m.fjs,data_test/2005/3635_20j_5m.fjs,537aa886a82e711d020d01fa566d92769d9cab94,d7637b70029be6cb8fe78e450dcb07767876daea
data_test/2005/3636_20j_5m.fjs,data_test/2005/3636_20j_5m.fjs,fb2c9111faa9695f86849080fac0fd1a33ed5343,d7637b70029be6cb8fe78e450dcb07767876daea
data_test/2005/3637_20j_5m.fjs,data_test/2005/3637_20j_5m.fjs,803cc48db9f3c754700703e4285b861a0c9c9be5,d7637b70029be6cb8fe78e450dcb07767876daea
data_test/2005/3638_20j_5m.fjs,data_test/2005/3638_20j_5m.fjs,2d8b2de26cbef438f47f9b51f13e50e8505b3079,d7637b70029be6cb8fe78e450dcb07767876daea
data_test/2005/3640_20j_5m.fjs,data_test/2005/3640_20j_5m.fjs,ac68c0ff1acee0935ffff5b22818c6f2ccbb5c74,d7637b70029be6cb8fe78e450dcb07767876daea
data_test/2005/3641_20j_5m.fjs,data_test/2005/3641_20j_5m.fjs,ffce1227aa09e375e417705e09d26f9c1c91a0f3,d7637b70029be6cb8fe78e450dcb07767876daea
data_test/2005/3642_20j_5m.fjs,data_test/2005/3642_20j_5m.fjs,c39b02697e1953de8ffa7e4b70749d79a7401390,d7637b70029be6cb8fe78e450dcb07767876daea
data_test/2005/3643_20j_5m.fjs,data_test/2005/3643_20j_5m.fjs,6bae1965ac21de32b3477a78914668cf52de2963,d7637b70029be6cb8fe78e450dcb07767876daea
data_test/2005/3644_20j_5m.fjs,data_test/2005/3644_20j_5m.fjs,bea27ce57c8bd11661141b1b537f68acb2c205d5,d7637b70029be6cb8fe78e450dcb07767876daea
data_test/2005/3645_20j_5m.fjs,data_test/2005/3645_20j_5m.fjs,a3afa485cf3a394ca3aec18ed43ed0672e89707b,d7637b70029be6cb8fe78e450dcb07767876daea
data_test/2005/3647_20j_5m.fjs,data_test/2005/3647_20j_5m.fjs,941a77d503bf0ce9b68d053057f7f91cc47f7cef,d7637b70029be6cb8fe78e450dcb07767876daea
data_test/2005/3648_20j_5m.fjs,data_test/2005/3648_20j_5m.fjs,0d4aa2e6ae77d35e5e61843d863dc43bf5326dcc,d7637b70029be6cb8fe78e450dcb07767876daea
data_test/2005/3649_20j_5m.fjs,data_test/2005/3649_20j_5m.fjs,aa8e4c7c2dabf9d6efbe055b339a69776d9cfee6,d7637b70029be6cb8fe78e450dcb07767876daea
data_test/2005/3650_20j_5m.fjs,data_test/2005/3650_20j_5m.fjs,9b15474924c1aaceacba3239e6471a5f5ada6381,d7637b70029be6cb8fe78e450dcb07767876daea
data_test/2005/3651_20j_5m.fjs,data_test/2005/3651_20j_5m.fjs,b02d6e0c0ce5e36d772187ff868ecb527837c3a5,d7637b70029be6cb8fe78e450dcb07767876daea
data_test/2005/3653_20j_5m.fjs,data_test/2005/3653_20j_5m.fjs,c7861c2f07537d7b8560ce0927801b409ce81d3e,d7637b70029be6cb8fe78e450dcb07767876daea
data_test/2005/3654_20j_5m.fjs,data_test/2005/3654_20j_5m.fjs,fab03ef651eb0213d9de5e38d9b4d46b09a5a606,d7637b70029be6cb8fe78e450dcb07767876daea
data_test/2005/3655_20j_5m.fjs,data_test/2005/3655_20j_5m.fjs,26e86d17e8933d25387c7093df2efd6473d57366,d7637b70029be6cb8fe78e450dcb07767876daea
data_test/2005/3656_20j_5m.fjs,data_test/2005/3656_20j_5m.fjs,8763f5252fe283ae49443c41d8520534c067c436,d7637b70029be6cb8fe78e450dcb07767876daea
data_test/2005/3657_20j_5m.fjs,data_test/2005/3657_20j_5m.fjs,6223755d0166b88ab052a4b20684c3141c12c056,d7637b70029be6cb8fe78e450dcb07767876daea
data_test/2005/3658_20j_5m.fjs,data_test/2005/3658_20j_5m.fjs,9718dfe893df3da57cfa96ddbd1cb4af592540f9,d7637b70029be6cb8fe78e450dcb07767876daea
data_test/2005/3700_20j_5m.fjs,data_test/2005/3700_20j_5m.fjs,850814bd9178289a61160e1b971f1cdb4e70e9d6,d7637b70029be6cb8fe78e450dcb07767876daea
data_test/2005/3701_20j_5m.fjs,data_test/2005/3701_20j_5m.fjs,4e62d56941fd05e8284b2e1658664c6769f8a20d,d7637b70029be6cb8fe78e450dcb07767876daea
data_test/2005/3702_20j_5m.fjs,data_test/2005/3702_20j_5m.fjs,be83f03ac595de632256ba739b517642a7c217ff,d7637b70029be6cb8fe78e450dcb07767876daea
data_test/2005/3703_20j_5m.fjs,data_test/2005/3703_20j_5m.fjs,8055395ed46b5dc070c8bb419b8360cf2bc01ce9,d7637b70029be6cb8fe78e450dcb07767876daea
data_test/2005/3704_20j_5m.fjs,data_test/2005/3704_20j_5m.fjs,1f7745736b3b8e978dccb4c7387b3f3baa6b861a,d7637b70029be6cb8fe78e450dcb07767876daea
data_test/2005/3706_20j_5m.fjs,data_test/2005/3706_20j_5m.fjs,d356d98eae6bb97491f5599bc6c7c6f99688f73e,d7637b70029be6cb8fe78e450dcb07767876daea
data_test/2005/3707_20j_5m.fjs,data_test/2005/3707_20j_5m.fjs,40e8c8691ce026956e0eedfb81619792eef1ecfd,d7637b70029be6cb8fe78e450dcb07767876daea
data_test/2005/3708_20j_5m.fjs,data_test/2005/3708_20j_5m.fjs,eaa27d6a4722d165edb301d2c0bfcbf4e10f8618,d7637b70029be6cb8fe78e450dcb07767876daea
data_test/2005/3709_20j_5m.fjs,data_test/2005/3709_20j_5m.fjs,14470d2118f3e44e747db49ef636c498281f8df4,d7637b70029be6cb8fe78e450dcb07767876daea
data_test/2005/3710_20j_5m.fjs,data_test/2005/3710_20j_5m.fjs,5d96b32bbbcf9f272774af2ae8a625f55a7f2bf8,d7637b70029be6cb8fe78e450dcb07767876daea
data_test/2005/3711_20j_5m.fjs,data_test/2005/3711_20j_5m.fjs,4a6394bcf694b5660bcbb1e194c64afd8b41019d,d7637b70029be6cb8fe78e450dcb07767876daea
data_test/2005/3713_20j_5m.fjs,data_test/2005/3713_20j_5m.fjs,6bf0dd7f74afdf85cde54ddbef04c504af19155e,d7637b70029be6cb8fe78e450dcb07767876daea
data_test/2005/3714_20j_5m.fjs,data_test/2005/3714_20j_5m.fjs,b192fdcfbc2254413c19c217c44b01cf47becff4,d7637b70029be6cb8fe78e450dcb07767876daea
data_test/2005/3715_20j_5m.fjs,data_test/2005/3715_20j_5m.fjs,cac92825474fc522d0798b4ab04975d9413003a4,d7637b70029be6cb8fe78e450dcb07767876daea
data_test/2005/3716_20j_5m.fjs,data_test/2005/3716_20j_5m.fjs,d0703171a7ae586b045b0e528b9b095b8027e8c5,d7637b70029be6cb8fe78e450dcb07767876daea
data_test/2005/3717_20j_5m.fjs,data_test/2005/3717_20j_5m.fjs,475543953370ad978f4eb6f4b61394c1e4c279a1,d7637b70029be6cb8fe78e450dcb07767876daea
data_test/2005/3718_20j_5m.fjs,data_test/2005/3718_20j_5m.fjs,d0464c4891bbeeb7414e1f8dd841a0488ec7e98a,d7637b70029be6cb8fe78e450dcb07767876daea
data_test/2005/3720_20j_5m.fjs,data_test/2005/3720_20j_5m.fjs,2e6fb56d0eff7e74c6b8c4aa74fedae9d18d4a45,d7637b70029be6cb8fe78e450dcb07767876daea
data_test/2010/0928_20j_10m.fjs,data_test/2010/0928_20j_10m.fjs,26954a7d40bb552b3d9acfc8a8f33690e9630515,d7637b70029be6cb8fe78e450dcb07767876daea
data_test/2010/0929_20j_10m.fjs,data_test/2010/0929_20j_10m.fjs,91fd12211f759886b6a4acd7a72151c31415e0c2,d7637b70029be6cb8fe78e450dcb07767876daea
data_test/2010/0931_20j_10m.fjs,data_test/2010/0931_20j_10m.fjs,9e2aff154e50b36a39447e2bf6a12701a3885014,d7637b70029be6cb8fe78e450dcb07767876daea
data_test/2010/0932_20j_10m.fjs,data_test/2010/0932_20j_10m.fjs,ce8b99e90dc5b04b72e9bf555268a79491918343,d7637b70029be6cb8fe78e450dcb07767876daea
data_test/2010/0933_20j_10m.fjs,data_test/2010/0933_20j_10m.fjs,57b8906758747ab1636d6742c882ade06a192aec,d7637b70029be6cb8fe78e450dcb07767876daea
data_test/2010/0935_20j_10m.fjs,data_test/2010/0935_20j_10m.fjs,c41e85b21b220ae09da59dd2fde2727d6d03f3f2,d7637b70029be6cb8fe78e450dcb07767876daea
data_test/2010/0936_20j_10m.fjs,data_test/2010/0936_20j_10m.fjs,9b70cfe82f3fc851f6bccb189647427eb4a1a7bf,d7637b70029be6cb8fe78e450dcb07767876daea
data_test/2010/0937_20j_10m.fjs,data_test/2010/0937_20j_10m.fjs,31c3475e40310853d69539aa5df80c785262d919,d7637b70029be6cb8fe78e450dcb07767876daea
data_test/2010/0938_20j_10m.fjs,data_test/2010/0938_20j_10m.fjs,ee6e181cd14bf187b3cb28f6067403f0d61d4534,d7637b70029be6cb8fe78e450dcb07767876daea
data_test/2010/0940_20j_10m.fjs,data_test/2010/0940_20j_10m.fjs,edd1d3880db0c5bd391c6faadef8c8defc3c091b,d7637b70029be6cb8fe78e450dcb07767876daea
data_test/2010/0941_20j_10m.fjs,data_test/2010/0941_20j_10m.fjs,4740928f5f7e4c7d2d2afb26d3f16a0a6ae69178,d7637b70029be6cb8fe78e450dcb07767876daea
data_test/2010/0942_20j_10m.fjs,data_test/2010/0942_20j_10m.fjs,635192b209174c140ad4ab441de556681b776f03,d7637b70029be6cb8fe78e450dcb07767876daea
data_test/2010/0944_20j_10m.fjs,data_test/2010/0944_20j_10m.fjs,822304fe7b9c8599f566f5f256cd6a1e6a7374cd,d7637b70029be6cb8fe78e450dcb07767876daea
data_test/2010/0945_20j_10m.fjs,data_test/2010/0945_20j_10m.fjs,14272f33534606bcd083bf3bee20b37e2cd08c80,d7637b70029be6cb8fe78e450dcb07767876daea
data_test/2010/0946_20j_10m.fjs,data_test/2010/0946_20j_10m.fjs,453b3255ad18bad1b498d085f933ef12f3270f11,d7637b70029be6cb8fe78e450dcb07767876daea
data_test/2010/0948_20j_10m.fjs,data_test/2010/0948_20j_10m.fjs,3fb0e5713213bd4bf27047fc8373bf2330470a08,d7637b70029be6cb8fe78e450dcb07767876daea
data_test/2010/0949_20j_10m.fjs,data_test/2010/0949_20j_10m.fjs,4b9299220698866913c3230dbc9af6cc495234e4,d7637b70029be6cb8fe78e450dcb07767876daea
data_test/2010/0950_20j_10m.fjs,data_test/2010/0950_20j_10m.fjs,bcbd8d2ef6a681f56761289bb2639612c73789e4,d7637b70029be6cb8fe78e450dcb07767876daea
data_test/2010/0951_20j_10m.fjs,data_test/2010/0951_20j_10m.fjs,da154e4935cdfde1e95143e1894a3cd683bbf1f3,d7637b70029be6cb8fe78e450dcb07767876daea
data_test/2010/0953_20j_10m.fjs,data_test/2010/0953_20j_10m.fjs,6cd777b64379df3484ef37a9d2346ce15455356c,d7637b70029be6cb8fe78e450dcb07767876daea
data_test/2010/0954_20j_10m.fjs,data_test/2010/0954_20j_10m.fjs,46a2b670cd499b98f3a6e3e58d9ebc08c3244444,d7637b70029be6cb8fe78e450dcb07767876daea
data_test/2010/0955_20j_10m.fjs,data_test/2010/0955_20j_10m.fjs,42c7ff55c996513a684292cd045d019f8a6f2db3,d7637b70029be6cb8fe78e450dcb07767876daea
data_test/2010/0957_20j_10m.fjs,data_test/2010/0957_20j_10m.fjs,2b5db3eaffe582d8f158a9c918854272082c7d56,d7637b70029be6cb8fe78e450dcb07767876daea
data_test/2010/0958_20j_10m.fjs,data_test/2010/0958_20j_10m.fjs,057e8cafc8a581fbd2fd95bfbb414bbf756429de,d7637b70029be6cb8fe78e450dcb07767876daea
data_test/2010/0959_20j_10m.fjs,data_test/2010/0959_20j_10m.fjs,449ac442967dcdfac17fd6b8455e24153ba17efc,d7637b70029be6cb8fe78e450dcb07767876daea
data_test/2010/1001_20j_10m.fjs,data_test/2010/1001_20j_10m.fjs,3a4e18770ea58ecb52a00f5de5792fac0aaa5bfb,d7637b70029be6cb8fe78e450dcb07767876daea
data_test/2010/1002_20j_10m.fjs,data_test/2010/1002_20j_10m.fjs,e87616d195d646d1125bff704fb681e2c0deb480,d7637b70029be6cb8fe78e450dcb07767876daea
data_test/2010/1003_20j_10m.fjs,data_test/2010/1003_20j_10m.fjs,c7d3ceef873a82217df6354b7f826094cf2bcba6,d7637b70029be6cb8fe78e450dcb07767876daea
data_test/2010/1005_20j_10m.fjs,data_test/2010/1005_20j_10m.fjs,8bf56712bf9d0683f5ba2bf0bb939718045f6ac7,d7637b70029be6cb8fe78e450dcb07767876daea
data_test/2010/1006_20j_10m.fjs,data_test/2010/1006_20j_10m.fjs,16900d4f35a014628c60a098f40f7ea0ddc5435f,d7637b70029be6cb8fe78e450dcb07767876daea
data_test/2010/1007_20j_10m.fjs,data_test/2010/1007_20j_10m.fjs,458612da0f6944906f4eb17c8562d86f391b0421,d7637b70029be6cb8fe78e450dcb07767876daea
data_test/2010/1009_20j_10m.fjs,data_test/2010/1009_20j_10m.fjs,355ab76856c4fab8cd2496b9c98d98a67c837798,d7637b70029be6cb8fe78e450dcb07767876daea
data_test/2010/1010_20j_10m.fjs,data_test/2010/1010_20j_10m.fjs,0393f9fc502d65ed878dbc05d9c15cea7be51bab,d7637b70029be6cb8fe78e450dcb07767876daea
data_test/2010/1011_20j_10m.fjs,data_test/2010/1011_20j_10m.fjs,3fd910971d8f02b05ecf6886710790c9e878e3bc,d7637b70029be6cb8fe78e450dcb07767876daea
data_test/2010/1013_20j_10m.fjs,data_test/2010/1013_20j_10m.fjs,8d390adc9eda04ec2b8e51f5e82e50865efb83e1,d7637b70029be6cb8fe78e450dcb07767876daea
data_test/2010/1014_20j_10m.fjs,data_test/2010/1014_20j_10m.fjs,c1db25aec1a13a2d66f390bab7cc3199835800bc,d7637b70029be6cb8fe78e450dcb07767876daea
data_test/2010/1015_20j_10m.fjs,data_test/2010/1015_20j_10m.fjs,d2a500992dcba83c7d9aff9fe8c992ecac6fa439,d7637b70029be6cb8fe78e450dcb07767876daea
data_test/2010/1016_20j_10m.fjs,data_test/2010/1016_20j_10m.fjs,2668767b41cb3dd5a9b0bb21ba85ecc0a3c87262,d7637b70029be6cb8fe78e450dcb07767876daea
data_test/2010/1018_20j_10m.fjs,data_test/2010/1018_20j_10m.fjs,758d761a4ca6dd11e586ca9d64e173d986e2918d,d7637b70029be6cb8fe78e450dcb07767876daea
data_test/2010/1019_20j_10m.fjs,data_test/2010/1019_20j_10m.fjs,bb7bfc6a57914686e945a7bb3486b26f6960da3b,d7637b70029be6cb8fe78e450dcb07767876daea
data_test/2010/1021_20j_10m.fjs,data_test/2010/1021_20j_10m.fjs,d118351fe0ca62ad4c149ebab6725c3583842156,d7637b70029be6cb8fe78e450dcb07767876daea
data_test/2010/1022_20j_10m.fjs,data_test/2010/1022_20j_10m.fjs,1a7de5767296ea0e9125ec4bc8bf98f039ded8b1,d7637b70029be6cb8fe78e450dcb07767876daea
data_test/2010/1023_20j_10m.fjs,data_test/2010/1023_20j_10m.fjs,15ade856af7590e769dbce6b9cb6b051f0b49a45,d7637b70029be6cb8fe78e450dcb07767876daea
data_test/2010/1025_20j_10m.fjs,data_test/2010/1025_20j_10m.fjs,f54f8a34e6537b73a2e2393c5f9d8d8e3ce7e5db,d7637b70029be6cb8fe78e450dcb07767876daea
data_test/2010/1026_20j_10m.fjs,data_test/2010/1026_20j_10m.fjs,826687d89fdafce919bc0d2611b7f504ea7e131b,d7637b70029be6cb8fe78e450dcb07767876daea
data_test/2010/1027_20j_10m.fjs,data_test/2010/1027_20j_10m.fjs,787367b2cb7c5513059ead64d60b6dc523ba6dea,d7637b70029be6cb8fe78e450dcb07767876daea
data_test/2010/1029_20j_10m.fjs,data_test/2010/1029_20j_10m.fjs,f4b256eba146c830e0100cc4e657bd2696101c30,d7637b70029be6cb8fe78e450dcb07767876daea
data_test/2010/1030_20j_10m.fjs,data_test/2010/1030_20j_10m.fjs,0cff32c2dd9904212585617bc51889444eae6cbf,d7637b70029be6cb8fe78e450dcb07767876daea
data_test/2010/1031_20j_10m.fjs,data_test/2010/1031_20j_10m.fjs,b306ae1deb4737f9013e7f4d195ce5dfef1875f5,d7637b70029be6cb8fe78e450dcb07767876daea
data_test/2010/1032_20j_10m.fjs,data_test/2010/1032_20j_10m.fjs,82ba0a18324f12a348e1adf9246a22cf225145da,d7637b70029be6cb8fe78e450dcb07767876daea
data_test/2010/1034_20j_10m.fjs,data_test/2010/1034_20j_10m.fjs,9e0575bc314ce9c3eadee101a4b9728a66333db8,d7637b70029be6cb8fe78e450dcb07767876daea
data_test/2010/1035_20j_10m.fjs,data_test/2010/1035_20j_10m.fjs,dd7389477127a5e3004cbf4b2bacbf7de2fd083b,d7637b70029be6cb8fe78e450dcb07767876daea
data_test/2010/1036_20j_10m.fjs,data_test/2010/1036_20j_10m.fjs,b4f77bbabfd4e00976db5ba9ffd140ebec45fdd4,d7637b70029be6cb8fe78e450dcb07767876daea
data_test/2010/1038_20j_10m.fjs,data_test/2010/1038_20j_10m.fjs,1a465b79a4afdbb03ef7b9f2a828b8e89eb789ff,d7637b70029be6cb8fe78e450dcb07767876daea
data_test/2010/1039_20j_10m.fjs,data_test/2010/1039_20j_10m.fjs,5ff8391a6e8a814c34a43337c013c4571a2c1bd3,d7637b70029be6cb8fe78e450dcb07767876daea
data_test/2010/1040_20j_10m.fjs,data_test/2010/1040_20j_10m.fjs,5db252599a04c6211880b143fe565551975cadd2,d7637b70029be6cb8fe78e450dcb07767876daea
data_test/2010/1042_20j_10m.fjs,data_test/2010/1042_20j_10m.fjs,39edb8f247b8d5262f55e72677bf0c3fa4305121,d7637b70029be6cb8fe78e450dcb07767876daea
data_test/2010/1043_20j_10m.fjs,data_test/2010/1043_20j_10m.fjs,233d1c77724daaa20429a6ac4ba2aeec7d984f44,d7637b70029be6cb8fe78e450dcb07767876daea
data_test/2010/1044_20j_10m.fjs,data_test/2010/1044_20j_10m.fjs,eb4cc8a90d60059ae7d11a1a3adba5efce54e63a,d7637b70029be6cb8fe78e450dcb07767876daea
data_test/2010/1046_20j_10m.fjs,data_test/2010/1046_20j_10m.fjs,adab50ae2974db68e3767724e18bba2962d4e72f,d7637b70029be6cb8fe78e450dcb07767876daea
data_test/2010/1047_20j_10m.fjs,data_test/2010/1047_20j_10m.fjs,362bd6b558453648c4905a4df80397256d2ff46b,d7637b70029be6cb8fe78e450dcb07767876daea
data_test/2010/1048_20j_10m.fjs,data_test/2010/1048_20j_10m.fjs,b5c8ec2d826a5ce5ac74ad8d9ad5f328bc629c9b,d7637b70029be6cb8fe78e450dcb07767876daea
data_test/2010/1050_20j_10m.fjs,data_test/2010/1050_20j_10m.fjs,ec85174119effad13702671c5b03440b1d67f73e,d7637b70029be6cb8fe78e450dcb07767876daea
data_test/2010/1051_20j_10m.fjs,data_test/2010/1051_20j_10m.fjs,ccd78a37fb74c73c21637f0bd174c0e55aadb655,d7637b70029be6cb8fe78e450dcb07767876daea
data_test/2010/1052_20j_10m.fjs,data_test/2010/1052_20j_10m.fjs,e16445bcbdd27a4f8df0631a35d06256dfd0bd29,d7637b70029be6cb8fe78e450dcb07767876daea
data_test/2010/1054_20j_10m.fjs,data_test/2010/1054_20j_10m.fjs,3d12d6ad9923a4890d8b682b7855195b148a6ac6,d7637b70029be6cb8fe78e450dcb07767876daea
data_test/2010/1055_20j_10m.fjs,data_test/2010/1055_20j_10m.fjs,1c7571e1100917ea224d6d578af80ddc50537706,d7637b70029be6cb8fe78e450dcb07767876daea
data_test/2010/1056_20j_10m.fjs,data_test/2010/1056_20j_10m.fjs,77a9330b4a4f99161a2e95dd761836d19a5f53b0,d7637b70029be6cb8fe78e450dcb07767876daea
data_test/2010/1057_20j_10m.fjs,data_test/2010/1057_20j_10m.fjs,651a962ab1d20bf01c1a4b09700f8a62a572c42e,d7637b70029be6cb8fe78e450dcb07767876daea
data_test/2010/1059_20j_10m.fjs,data_test/2010/1059_20j_10m.fjs,00c2cc958fabf497997bc64cba8fb6e025f1a844,d7637b70029be6cb8fe78e450dcb07767876daea
data_test/2010/1100_20j_10m.fjs,data_test/2010/1100_20j_10m.fjs,63e4b17f235caf0e9490c0c3036f1d8c665359f9,d7637b70029be6cb8fe78e450dcb07767876daea
data_test/2010/1101_20j_10m.fjs,data_test/2010/1101_20j_10m.fjs,9d8b1a860727f4e60e2e7cdbdf26937d79739f6d,d7637b70029be6cb8fe78e450dcb07767876daea
data_test/2010/1103_20j_10m.fjs,data_test/2010/1103_20j_10m.fjs,c9e421a36c23753af01e8eac56f1075e6bbaca63,d7637b70029be6cb8fe78e450dcb07767876daea
data_test/2010/1104_20j_10m.fjs,data_test/2010/1104_20j_10m.fjs,6252acdcc8f3e7524cd10779397eda4b0d383484,d7637b70029be6cb8fe78e450dcb07767876daea
data_test/2010/1105_20j_10m.fjs,data_test/2010/1105_20j_10m.fjs,f1071efe93e1dca8491a7f959313035f0523f13f,d7637b70029be6cb8fe78e450dcb07767876daea
data_test/2010/1107_20j_10m.fjs,data_test/2010/1107_20j_10m.fjs,2f34319ff8ef8799fb789d8ab870e5e8ba31c0ec,d7637b70029be6cb8fe78e450dcb07767876daea
data_test/2010/1108_20j_10m.fjs,data_test/2010/1108_20j_10m.fjs,4e607413f49358349068dcd400ece6442f2c9261,d7637b70029be6cb8fe78e450dcb07767876daea
data_test/2010/1109_20j_10m.fjs,data_test/2010/1109_20j_10m.fjs,423628ae72aed910164bbdabee0d3577099b554d,d7637b70029be6cb8fe78e450dcb07767876daea
data_test/2010/1111_20j_10m.fjs,data_test/2010/1111_20j_10m.fjs,a641965926a55ec9af6430c0b8543f05447b80c5,d7637b70029be6cb8fe78e450dcb07767876daea
data_test/2010/1112_20j_10m.fjs,data_test/2010/1112_20j_10m.fjs,11c7cb315c28ffa1929eb6ee0c1d4321ed20294a,d7637b70029be6cb8fe78e450dcb07767876daea
data_test/2010/1113_20j_10m.fjs,data_test/2010/1113_20j_10m.fjs,89b425aa56178cc3b008959d0edab3268a21ccc4,d7637b70029be6cb8fe78e450dcb07767876daea
data_test/2010/1115_20j_10m.fjs,data_test/2010/1115_20j_10m.fjs,1f9c6b537d78291d443f20436dfc9c79a5018d30,d7637b70029be6cb8fe78e450dcb07767876daea
data_test/2010/1116_20j_10m.fjs,data_test/2010/1116_20j_10m.fjs,850b5f7b0ee61a86343e73deeb96985bfb1dc794,d7637b70029be6cb8fe78e450dcb07767876daea
data_test/2010/1117_20j_10m.fjs,data_test/2010/1117_20j_10m.fjs,c1fa7c5541c29959386b86cbb557ee7a714d2dd4,d7637b70029be6cb8fe78e450dcb07767876daea
data_test/2010/1118_20j_10m.fjs,data_test/2010/1118_20j_10m.fjs,32ef4891d59adbba10c2a8594f13a920d9ea353d,d7637b70029be6cb8fe78e450dcb07767876daea
data_test/2010/1120_20j_10m.fjs,data_test/2010/1120_20j_10m.fjs,3de38937f90edf7d855c7ee24d0989ffcd47f3cc,d7637b70029be6cb8fe78e450dcb07767876daea
data_test/2010/1121_20j_10m.fjs,data_test/2010/1121_20j_10m.fjs,e39af20bc1e31a98fa2eab13568abe6da896e95a,d7637b70029be6cb8fe78e450dcb07767876daea
data_test/2010/1122_20j_10m.fjs,data_test/2010/1122_20j_10m.fjs,3286e49e3a739f561936f51654ebec95a8bc4634,d7637b70029be6cb8fe78e450dcb07767876daea
data_test/2010/1124_20j_10m.fjs,data_test/2010/1124_20j_10m.fjs,e653878bd3f4acac8459b977fde99fbc09391a92,d7637b70029be6cb8fe78e450dcb07767876daea
data_test/2010/1125_20j_10m.fjs,data_test/2010/1125_20j_10m.fjs,2910ea8f59d083db6cb6d79618332d85ac40bb21,d7637b70029be6cb8fe78e450dcb07767876daea
data_test/2010/1126_20j_10m.fjs,data_test/2010/1126_20j_10m.fjs,7dd92ef1d1b1f2e6db2d36c803e3b5b70365e455,d7637b70029be6cb8fe78e450dcb07767876daea
data_test/2010/1128_20j_10m.fjs,data_test/2010/1128_20j_10m.fjs,d00f91585edb6646c178c32e9a64f2a9d6231392,d7637b70029be6cb8fe78e450dcb07767876daea
data_test/2010/1129_20j_10m.fjs,data_test/2010/1129_20j_10m.fjs,888e084598a1591ba4ce5012d21080567eac16b0,d7637b70029be6cb8fe78e450dcb07767876daea
data_test/2010/1130_20j_10m.fjs,data_test/2010/1130_20j_10m.fjs,0cf6a7497f388fdb75127b7043c7e7542f7fb661,d7637b70029be6cb8fe78e450dcb07767876daea
data_test/2010/1132_20j_10m.fjs,data_test/2010/1132_20j_10m.fjs,2c1ab134a5fa77d2103db05daa69a9dbbcef8057,d7637b70029be6cb8fe78e450dcb07767876daea
data_test/2010/1133_20j_10m.fjs,data_test/2010/1133_20j_10m.fjs,891d1088430eb0df9ea8900bc34c3343982cd5fa,d7637b70029be6cb8fe78e450dcb07767876daea
data_test/2010/1134_20j_10m.fjs,data_test/2010/1134_20j_10m.fjs,06ab8662cb1252565eed9f526b9687c1538849a1,d7637b70029be6cb8fe78e450dcb07767876daea
data_test/2010/1135_20j_10m.fjs,data_test/2010/1135_20j_10m.fjs,d1b02f71808159b03b07cad665650e89bb4ef82d,d7637b70029be6cb8fe78e450dcb07767876daea
data_test/2010/1137_20j_10m.fjs,data_test/2010/1137_20j_10m.fjs,284f57b57ba0ff568b12b2bf0e6e720275a4fdb1,d7637b70029be6cb8fe78e450dcb07767876daea
data_test/2010/1138_20j_10m.fjs,data_test/2010/1138_20j_10m.fjs,3186fb604ed98d358ec8c9dd54e9e205a5b335c5,d7637b70029be6cb8fe78e450dcb07767876daea
env/case_generator.py,env/case_generator.py,7c05cbbe61a808e379150703612720e6aff7211d,d7637b70029be6cb8fe78e450dcb07767876daea
graph/hgnn.py,graph/hgnn.py,b0b409f18de5c116daa123dc69c959e6a63b5f48,d7637b70029be6cb8fe78e450dcb07767876daea
mlp.py,mlp.py,ac40312f195951afa417fa66d0fad2c1ac49cf76,d7637b70029be6cb8fe78e450dcb07767876daea
utils/create_ins.py,utils/create_ins.py,b16ce110676527100261847200795e4e490510b3,d7637b70029be6cb8fe78e450dcb07767876daea
utils/gpu_mem_track.py,utils/gpu_mem_track.py,64d4597ac6bfc1e3c256e12a19845c2e98e014e8,d7637b70029be6cb8fe78e450dcb07767876daea
utils/modelsize_estimate.py,utils/modelsize_estimate.py,394d753225f5be1b266ab2a69474ca4a4c60bf33,d7637b70029be6cb8fe78e450dcb07767876daea
utils/my_utils.py,utils/my_utils.py,6105ebcd3e12ce1b4d825926879fd72febc1606b,d7637b70029be6cb8fe78e450dcb07767876daea
